-- phpMyAdmin SQL Dump
-- version 5.2.1
-- https://www.phpmyadmin.net/
--
-- Servidor: 127.0.0.1
-- Tiempo de generación: 21-11-2023 a las 17:46:15
-- Versión del servidor: 10.4.28-MariaDB
-- Versión de PHP: 8.1.17

SET SQL_MODE = "NO_AUTO_VALUE_ON_ZERO";
START TRANSACTION;
SET time_zone = "+00:00";


/*!40101 SET @OLD_CHARACTER_SET_CLIENT=@@CHARACTER_SET_CLIENT */;
/*!40101 SET @OLD_CHARACTER_SET_RESULTS=@@CHARACTER_SET_RESULTS */;
/*!40101 SET @OLD_COLLATION_CONNECTION=@@COLLATION_CONNECTION */;
/*!40101 SET NAMES utf8mb4 */;

--
-- Base de datos: `personal_helpdesk`
--

-- --------------------------------------------------------

--
-- Estructura de tabla para la tabla `categoria`
--

CREATE TABLE `categoria` (
  `cat_id` int(11) NOT NULL,
  `cat_nombre` varchar(150) NOT NULL,
  `cat_estado` int(11) NOT NULL
) ENGINE=InnoDB DEFAULT CHARSET=utf8 COLLATE=utf8_spanish_ci;

--
-- Volcado de datos para la tabla `categoria`
--

INSERT INTO `categoria` (`cat_id`, `cat_nombre`, `cat_estado`) VALUES
(1, 'Informatica', 1),
(2, 'Seguridad e higiene', 1),
(3, 'Mantenimiento e infraestructura', 1),
(4, 'Insumos y material educativo', 1),
(5, 'Administracion y documentacion', 1),
(6, 'Servicios externos', 1),
(7, 'Proyectos y actividades especiales', 1),
(8, 'Recursos humanos', 1);

-- --------------------------------------------------------

--
-- Estructura de tabla para la tabla `ticket`
--

CREATE TABLE `ticket` (
  `ticket_id` int(11) NOT NULL,
  `usuario_id` int(11) NOT NULL,
  `cat_id` int(11) NOT NULL,
  `ticket_titulo` varchar(250) NOT NULL,
  `ticket_descripcion` varchar(9000) NOT NULL,
  `estado` varchar(15) DEFAULT NULL,
  `fecha_creacion` datetime DEFAULT NULL,
  `est` int(11) NOT NULL
) ENGINE=InnoDB DEFAULT CHARSET=utf8 COLLATE=utf8_spanish_ci;

--
-- Volcado de datos para la tabla `ticket`
--

INSERT INTO `ticket` (`ticket_id`, `usuario_id`, `cat_id`, `ticket_titulo`, `ticket_descripcion`, `estado`, `fecha_creacion`, `est`) VALUES
(1, 1, 1, 'test', 'test', 'Cerrado', '2023-11-13 02:04:15', 1),
(2, 1, 3, 'test3', 'test3', 'Cerrado', '2023-11-09 02:04:01', 1),
(3, 1, 8, 'test4', '<p>test4<br></p>', 'Abierto', '2023-11-01 02:04:22', 1),
(4, 1, 2, '121', '1212', 'Abierto', '2023-10-03 12:04:27', 1),
(5, 1, 6, '123', '<p>123<br></p>', 'Abierto', '2023-11-02 08:04:49', 1),
(6, 1, 6, '121', '<p>1212<br></p>', 'Abierto', '2023-11-04 09:45:00', 1),
(7, 1, 1, 'sadas', '<p>asdasd<br></p>', 'Abierto', '2023-10-24 15:22:13', 1),
(8, 1, 8, 'tste', '<p>esfsefsef<br></p>', 'Abierto', '2023-10-26 07:10:59', 1),
(9, 1, 1, 'asas', '<p>as<br></p>', 'Abierto', '2023-11-10 02:06:17', 1),
(10, 1, 6, 'adfafadf', '<p>adfadfadfg<br></p>', 'Cerrado', '2023-11-12 02:06:21', 1),
(11, 1, 6, '', '<p><br></p>', 'Cerrado', '2023-10-20 02:06:25', 1),
(12, 1, 4, 'DASDASD', '<p>SADASDFADS&nbsp; ASFDASD ASDAS <br></p>', 'Abierto', '2023-10-18 02:06:31', 1),
(13, 1, 1, 'ASDASD', '<p>SADASD<br></p>', 'Abierto', '2023-11-04 02:06:36', 1),
(14, 1, 5, 'SDFSDF', '<p>SDFSDF<br></p>', 'Abierto', '2023-10-29 02:06:39', 1),
(15, 1, 4, 'ASDASDA', '<p>ASDASD<br></p>', 'Abierto', '2023-11-14 18:06:47', 1),
(16, 1, 1, 'SDF', '<p>SDFSDF<br></p>', 'Abierto', '2023-10-21 02:07:06', 1),
(17, 1, 4, 'ASD', '<p>ASD<br></p>', 'Abierto', '2023-10-25 02:07:14', 1),
(18, 1, 1, 'as', '<p>as<br></p>', 'Abierto', '2023-10-31 02:07:19', 1),
(19, 1, 1, 'as', '<p>as<br></p>', 'Abierto', '2023-11-28 02:07:25', 1),
(20, 1, 4, 'asdasd', '<p>asdas<br></p>', 'Abierto', '2023-10-23 02:07:28', 1),
(21, 1, 5, 'sdfsdf', '<p>sdfsdf<br></p>', 'Abierto', '2023-11-24 02:07:33', 1),
(22, 1, 5, 'asda', '<p>asdasd<br></p>', 'Abierto', '2023-11-02 02:07:36', 1),
(23, 1, 4, 'asdas', '<p>asdasd<br></p>', 'Abierto', '2023-11-06 02:07:41', 1),
(24, 1, 2, '', '<p><br></p>', 'Abierto', '2023-11-04 02:07:44', 1),
(25, 1, 1, 'tes2', '<p>1111<br></p>', 'Abierto', '2023-11-08 02:07:47', 1),
(26, 1, 2, '13-11', '<p>holamundo<br></p>', 'Abierto', '2023-11-01 02:07:49', 1),
(27, 1, 1, 'asa', '<p>test456<br></p>', 'Abierto', '2023-11-05 02:07:52', 1),
(28, 1, 6, 'cualquiera', '<p>aaaaaaa<br></p>', 'Abierto', '2023-11-14 02:11:50', 1),
(29, 1, 1, '', '', 'Abierto', '2023-11-14 13:41:00', 1),
(30, 1, 4, 'qqqq', '<p>qqq<br></p>', 'Abierto', '2023-11-14 13:41:23', 1),
(31, 1, 4, 'aasa', '<p>asdasd<br></p>', 'Abierto', '2023-11-14 13:45:10', 1),
(32, 1, 5, 'llll', '<p>llll<br></p>', 'Abierto', '2023-11-15 02:18:57', 1),
(33, 1, 3, 'aaa', '<p>aaa<br></p>', 'Abierto', '2023-11-15 04:23:10', 1),
(34, 1, 7, 'q3434', '<p>rq3r<br></p>', 'Abierto', '2023-11-15 05:30:27', 1),
(35, 1, 2, 'nuevo ticket', '<p>aaaaa<br></p>', 'Abierto', '2023-11-18 10:16:26', 1),
(36, 1, 5, 'asdasd', '<p>asdasd<br></p>', 'Abierto', '2023-11-18 10:32:04', 1),
(37, 1, 8, 'sdasd', '<p>asdasd<br></p>', 'Abierto', '2023-11-18 10:32:21', 1),
(38, 1, 5, '21-11', '<p>sadasdfg<br></p>', 'Abierto', '2023-11-21 11:58:18', 1),
(39, 1, 8, 'asdasdas', '<p>asdasdasfdafadf<br></p>', 'Cerrado', '2023-11-21 13:08:42', 1),
(40, 1, 7, '1233', '<p>sdfsdfsdf<br></p>', 'Cerrado', '2023-11-21 13:12:29', 1);

-- --------------------------------------------------------

--
-- Estructura de tabla para la tabla `ticket_detalle`
--

CREATE TABLE `ticket_detalle` (
  `ticketD_id` int(11) NOT NULL,
  `ticket_id` int(11) NOT NULL,
  `usuario_id` int(11) NOT NULL,
  `ticket_descripcionD` mediumtext NOT NULL,
  `fecha_creacion` datetime NOT NULL,
  `est` int(11) NOT NULL
) ENGINE=InnoDB DEFAULT CHARSET=utf8 COLLATE=utf8_spanish_ci;

--
-- Volcado de datos para la tabla `ticket_detalle`
--

INSERT INTO `ticket_detalle` (`ticketD_id`, `ticket_id`, `usuario_id`, `ticket_descripcionD`, `fecha_creacion`, `est`) VALUES
(1, 1, 2, 'te respondo', '2023-11-15 01:01:53', 1),
(2, 1, 1, 'soy el usuario C respondiendo', '2023-11-15 04:02:58', 1),
(3, 1, 2, 'Para resolver tu problema reinicia tu equipo', '2023-11-15 04:03:50', 1),
(4, 2, 1, 'Los insumos de laboratorio seran entregados el dia de hoy', '2023-11-15 04:04:34', 1),
(5, 3, 1, 'Los materiales para la obra del gimnasio (ampliacion) seran entregados en 28/11', '2023-11-09 04:05:36', 1),
(6, 4, 2, 'El profesor Lopez Hernan solicita el aula 3 con proyector para el dia 17/11 a las 16hs', '2023-11-10 04:08:51', 1),
(7, 7, 1, 'Personal de incendio realizara recarga de matafuegos el dia 27/11 a las 07am', '2023-11-12 04:10:46', 1),
(8, 8, 1, 'La CPU 17 de la sala de computacion no enciende', '2023-11-06 04:12:00', 1),
(9, 9, 1, 'el alumno Matinez Esquiel, del primer año solicita cambio de turno', '2023-11-11 04:13:13', 1),
(10, 9, 3, 'Se realizo al cambio de turno del alumno Martinez del primer año. ', '2023-11-15 04:18:24', 1),
(11, 1, 1, 'test', '2023-11-16 05:48:21', 1),
(12, 3, 1, '<p>test 2222<br></p>', '2023-11-21 11:26:14', 1),
(13, 3, 1, '<p>test 12345678<br></p>', '2023-11-21 11:32:51', 1),
(14, 3, 1, '<p>tengo este problema</p><p><img style=\"width: 420px;\" src=\"data:image/png;base64,iVBORw0KGgoAAAANSUhEUgAAAaQAAAEECAYAAABnUEDbAAAgAElEQVR4Xu29C/RfRXUvvqmPXtQrlEBCCIZUYiAGTWN4BBVoStQIIW15tisFlafUgCmCi5bH5fJoWaYXI8QiCbUsLKuCgBoCxT+hEVAIhIAIMRhShUBICCYlXpQ+vOU/M2fmnD1z9p4zc77n+3sk+7cWi1/Ob86emc/s2Z/Ze+bs2QkA3lT/yY8gIAgIAoKAIDCoCOy07777CSEN6hBI5YKAICAICAIaASEk0QNBQBAQBASBIYGAENKQGAZphCAgCAgCgoAQkuiAICAICAKCwJBAQAhpSAyDNEIQEAQEAUFACEl0QBAQBAQBQWBIICCENCSGQRohCAgCQxeBKbDr564GuP0T8NorkVaO+ivY+3iAV7761/BfjZ3RMv8JdhuhCj57KfzsttvsG9zzRoH1Amx7bB1wM7zY2NYTYeSlM+BXl58Jv0ptQhYOvlAhpFSQpZwgIAjsoAj0g5AslAcsgve+fxkipIbnOSPQAzFU1Qgh5UAuZQUBQUAQ6AsCb/uD78F7PrqPlf0CbL3BekiaRI493Dz/zx/8Kbz0L0/CO098Fkbt7zfj9Tv3h83PII9H/9nzhtS/cwiJqJfreFJ7wraAJp/L4V1G6IPwivGKECFpgjvrFADbZ9P2ZBy4lp6o/uC8Q/kOqS+KLEIFAUFgmCPgeRfIQwJllI9YBy/ZENs7T/wevO0BS1SNHgnhaaUSkpbN1ctBHWtPrd6CON/+gCZRLNAR0jJ4pyIrMCSr/h5rTyMOvG5IyG6YzxtpviAgCHSPgPaORsGFxvsBQESyR+UVuFoLT8gaaWIPyfdWkKelBaQSEvJGavV2QUgsiVReU9lP127rHaXikDJKQkgpKEkZQUAQ2KEQiBHS3iOvt0QVQEIZdRPmGgf/ZsJfPXhIipDYevtOSDNUqPFwePsvivCk+Ym1RzykHWquSGcFAUGg3whoj+SI580pNDB7SVDsIemQXUkwYSOIAwDYOBtyOgJed3tROR6SR2ypnY8cSMgO2V0Pb8MhvWh7uHqbT/eJh5Q6tlJOEBAEdiAE/OPXr8Bp5V4Re9hBoYPDc7VDDVtuhq2vHgFg9pzwAYIC1qI89xwgVi83MPX28PLNvpA6tPB2I4w41GAPPbzdHmrIw0HLFELagSaQdFUQEAQEgeGNgHhIw3v8pPWCgCDQBwTee+mzfZAqIikEfnZ5dV5eCEl0RBAQBAQBQWBIICCENCSGQRohCAgCgoAgIIQkOiAICAKCgCAwJBAQQhoSwyCNEAQEAUFAENjp/MNnvSkwCAKCgCAgCAgCg4HAtzc8V1a709GTDxZCGoxRkDoFAUFAEBAEYOIuI4WQRA8EAUFAEBAEhhYC4iENrfGQ1ggCgoAgsMMiIIS0ww69dFwQEAQEgaGFgBDS0BoPaY0gIAgMcwRO/L0L4JD3HAW//dZ39NST//jNr+HRF++B2340vyc5w+nlJEI66KiPwetbt8GaFY8Np75JWwUBQUAQGFAENBkd/rvqUqQOfx78+e07DCklEdL0OScYeDf96wtDm5T2PB4W/wnANQtuhzWhQnB/i73TSqn2gTPnzYb1C66De7338XP9+yUwe3dVYM3XYdYtD7eqiX+Jkd9lXxtlcTh03NVOxQ3SuHTaB0rYh+GyK6fCiotDncRl+zheWlfmzoTRqrqND1wBZ9z3Qt977FfQx74FPfk/xyzv2TMKwdGe0hfumt4dZo1zt7uqciVlEVInpISUU8t7/Funw2VP6QlzKhxYtv4pWKgmzwsfuwrmHzHK61NUoYcCIU0+B5YesKpOMtRzrmzuKHLlQ/ldKmKTLFx3MObwi3vhAmrR0FW/e5WTOi6q3OKRS0oDO1Hp60mbL1L63NCARPlaHtb/Yq606VwCISW2qU3toMf/yJfhDLzwYrC7dSQ956+BM2lb8PRBJdmZtlG6Rc0DTZCpeuj0N6H8wj9+1IfolzfCZ7/7twAfuhe+Nmmc+dtLq4+FTz/xk6LcvtfDsg8jsiHK62Jzv30IDb3u2wl7wpKFF8GiTQBJOtg0d72a0CLNPC9ss7/YbqUV5EvZhKSltPaUzMBOgZUWvKpF8QmjQT4PFjWvrAzQo2EDTIYDkfcxc86NMHei3389uVccQD+/7BU9gQBW7jGT9GKMPKA9m5lzroKx9xfKgX/I54QR8IyQ5z1h0nZKEShL6G2RhFTHR7eTrdco/OSiK1Y+hyc2ll5/gwmg3z9us10pI/nVYkP1dd5esGL1FJhrFiRoEhDtYdtvDCEax9KgZOLGzbcYIZH9soKocSH0zdd7Pf5Hw8tu7nDySXzQ/LLGFQJPBY9XON+S5x+HUwYhOR3i6qw9j+mWbQ+pi8tHw/zpG5sXRk5+YnmfkJ6HW+8+D2DcBFgOny0IyRDOOvjUyVfDoaD/PhNemPwsfHFv3ViivO1DjJAWT98TYHVhHzEhUXM6Ze76w8h7l6TNqI2HtYfAzUW/tlaE1JaUeMXukJDUymeDWUlqIM8E+KYlh5yQnZ20pBzVeZaQcurQIEY9mMJo7rXc9cX9zs36oL+cfAofrSxlqBPXGxmXHG+UMBrTnlH9MsRfrZwrw1GQ7xhrNCu9GUOHnjz5qP1aPqcPJYwJuOUSEtuvCCER7XzoA/5CrMRBewUsblRozo3jKpimcIXQ0wrHsoYnmkccFrHnA0xIRrecJ8npqZ57KYTk+pVYHhPSIw/vDw+NVWQDF8JntxWEpL2jK+GagpxeuhBmLP8OjLfeE1XeVR8lpJGrYOWkqWabQEeVjJeudZCc00pitodEbEHE5hzaNinntLYxjO2BTbeX2jOghKQNeaEs1Wo/FrJzbmHyCo1jZ+2t5JBFUDbJDVZVcOXY9wNCYlem2gAxe2P+iueV0nU3I9wQsnPKwho+teIq5AdyteyIUtf6G4bsnCeHV/NWJSt9oPc8qPak4oZXylm4RQip9B5x+wF5lV6/IoSExtfhp8NXODJgVqQj74ZZz0ytvNZAPj1e4XzzO1TXT0TS3mKlDRtZXSFCdiR2lkiyPCS7P2VaF0QJonOvn4SkyMaRkCYen5DOgenPnw2L4Xy4afI6uFKT1S5fI8unEZIKG2+eDZfBdaB1RhMSpTulLmUTkt3v1o2xUQYIolbeYokjJOK5tj1r7ruoN0JqG7KjDEcRc+/QQ6LAGBBC4voQ6VuvhGQM/Wi4w8R0E1b6DGHHCKnQFBviUrWUez+sUhP9jaxS8R5MZe6a9jz89rSaHDm4RQiJ3ENShET3q3dCMkZFGZ+o/Np4FXjCmskwxoVKyz7RWJdz1Rq6dntXtpIB9JD8oWqYe30jpCIUt3hroDi7nQ9Xj7sHLlT7Rx+fXoTpCo/pC4qgTiPL33T06aCjeXEPSe9jquiBDXNP65yQ6h5S9iIwWNjgxXBPhNSWjMzQeAYUexQDQEiQQRieAQ1i96obZMgu2E8oVZF7rguEHowXFsAEg8NoSMlxOw22wf5cooe0aBQOXxDEVpISDt0weFL9jXmnJTHgydtESI4kbXu49jOTYBF+noJbLiGZUKFbKBAvR8el0jdvoYDbacIfEfm18XJ4LoGxZRi4Ikd2UTAHYAUoIrulx03swSKkprlXIyRi4eWGr0XIrhx57C3pPaSHAC42RGP3jA67E056N9ITXN4+biakYv/ovEkAG5arRb720sv+hXM6ZX659jB7SJytwrqJD1xwc1HNXXjqurLzWSG7nsgID6zbJFfPBixk54jEHm7AJ5Zw+MY8t3sP+piq/glPN9UJKdWIOxDCU4VVHXij0DtR6IW9iEMNypVe8uoUAHOggpHvxZU1sVYHMOh6fTnhCccabuG+netuQ3ivOknmQoOxxUN1GhO3h2w/G8JFhxpScONOtkUONXgbvoD7hU+T2nFn9I2WUYCaIt87JFIe+8b7c+DvswbcGeq5+/dCONUc6nH/b/xsYVAIiZuT/NwjIwFmIUuMGaMTtVN2GtOAYPApO7d/5EHfkpDAttXtEbK2JGIL68untEMNeC6WdgHPLY6QNu2jqqw+A0gipB3uw9isGKvCk5pwemS55/VR3z6e7Gj97WrUcvWty3rDvZ2uZGM5g6EXg1Gn6vOw+A6pH2PckcwkQuqorr6LWXrljX2vQyoQBHZUBGZdfHp213e0OXnz7T81mRrGTX06GyvqhedXfQB0poZTjt+vE3lDUQjWq+2KkIYi2NImQUAQ2LEQkFx27cdbCKk9dvKmICAICAKCQIcICCF1CKaIEgQEAUFAEGiPgBBSe+zkTUFAEBAEBIEOEdjp/MNnvdmhPBElCAgCgoAgIAgkI7Bm2+ayrHhIybBJQUFAEBAEBIGuEZi4y0ghpK5BFXmCgCAgCAgCvSEgHlJv+MnbgoAgIAgIAh0hIITUEZAiRhAQBAQBQaA3BISQesNP3hYEBAFBwENAPoxtrxBJhLTD5bJrj6e8KQgIAjswApqMdOqgLn906qDbfjS/S5FDVlYSIU2fc4LpQCfZvvsJRSxJZc4FfT21kcuOi5+jbNPhteM91e1eZuR3mcSzURafJbiTLvZFyCCNS1/6goWmXDfQx/FCmerDjPF977qpoI99CzowLJKrNs7dgRkVqpYsQuqElILbQ2PXT+jreKurCYrmRxV6KBBSeNeNQ516zpXtSh8a7kPqqZompcZ1B2Pubp1c01MD+vhy6rhErp+Iti5Rvn/FRP0alHQEEggpsU3pdaKSGddP6JtOqTl/DZxJ2wJ9mzK+MdbeaOrpFjUP9DtUWaqDTn8Tyteun9D3H333bwHsNeVaPL5+Ava9HpZ9eHpVK1Fe/zF2H9LSE/Ysb4pOut26ae56GKBFmnnurr5ppQmNL2UTUk+kRF2GZprY5QV9o2EDTIYDd1dirffhX1ddYKKJcMUB+npuH6PyPqQjAVbuMRNmIzmuJHlBn/0jvmMISyafE0bAM0Ke94TvZSHuQ9KVhd4WSUh1fPSrbL34mvEGPPGtol5/a/cS3QjHuZtLkXzv/h57++XcI0b5k4BoD9t+YwjROJYGJZhkTbhx0yhGSGS/rCBqXAh982/lDC6K5OST+KD5ZY0rPHCFumW0uocmvBsrvDod/7vRqoQFMgjJ6VDWFebeLdFIt6g56XRx+WiYn3JjbGZ5n5DsBXzjJsByUNeUTxoHYAhnHXzq5KvhUHNB30x4YXJxeyy4C/tweduH6AV90/cEWK1uElbjiQmJmtOcLeRvBE67D6m0PdwdZPo+JHIu+srSipDakhKnZJ0Sklr5bNCX7IWXxeWE7OykJeWozrOElFOHBjHqweBbYpkbY72xTLzCnMLHuzwL1xVZKOR4owQhTXvGXoSI7uOpjCK+RM7ehKmv7tbXNJcXzaHOe/JR++3Fd9w4FhIScMslJF0v2a8IIRHjwl4tr70CFrepsMJcaY9/3Diugmnqsjl3gVtZIhzLGp74puBsOqLvBWvwLnshJKNb7gI9Tk8Tb4Ate5tYHhPSIw/vDw+NVWQDF8JntxWEVFxZfk1BTuoivhnLvwPukj6qvKs/fmPsKlg5aSqsX3Ad6KjSSeoKc3PJaEnUgf3I9pDqV5ibu94o+dwloOYmWcI2q+ew6fYS5gElJG3IC2WpVvsDdmNsDlkEZZPcYAUpV459PyCk1HvqsUnwVzzuZtKI4fNWk8WNsazhUyuuQn4gV4uPKHWtv2HIznkkeDVvm1zpA2VY7WIgaE8qbtgLyMItQkhL0e3Huphpv74+mnrujGRDKNXhp8NXoacyf+TdMOuZqax8erzC+eZ3qK6fiKSDmz5b0BFLSDGMsggJh+wCbzc691I8JNfhXELCt76i3wtCOgemP382LIbz4abJ6+BKTVa7fK0krfCGWd2ExivMN89WencdaJ3RhETpTqlL2YR0SREp0j82ygD6unSzSCy87HK89GKJsDGLmBtjte1Zc99FvRFS28MNlOEwbG4IijZAXmdRiIGcGJy7uCliQKnBaUVIsWu3mb71SkjG0I+GO8yKOGGlz+ATI6QCZxviUrVcsOB2MPF5VqkJHCKr1MUjl3iho6K+pj0Pvz2tJkcObhFCwu0vjZ8yOHS/rKAeCMkYAWV8ovJr41XgCWsmwxgXKi37RGNdzlVr6PiQTgJFDWDIzm9NRI8SCaaUl1i+8JCKUNzirQE2u50PV4+7By584ifw8elFmK4gqC8ogjqNLH/T0aeDjuY1EpKOHtgw97TOCanuIWUvAvtFSG3JyAyNZ0CxRzEAhMQauSYDGsTuVTfIkF0QgsCKzBqP0DB5So8JhgnZYUNvsJ0CKxdeBIs0AeufBsNXegyj1Iq+XC0SxFaSEg7dMGNG4RDzTktiwJO3iZAcSdr2cO1nJoG3WkvBLZeQTKjQLRSIl6PjUumbt1DA7TThj4j82ng5PJfA2HmXwF7LUUiL01s9X+YArABFZLeEIcAEEsJFBouQ2L7ZuVHzkIiFl+tHFiEF+GBvSe8hPQRwsSEau8d02J1w0rvRO7i8fdxMSDa0PQlgw3K1yNdeOjunU+aXaw+zh8TZKqybJgJiD1xwc1HNXXjqurLzWSG7nsgIDywKZwxYyM4RiT3EUNRbNAqHb8pDDSgMgMuW5eHrMOuWh22vUo24AwEfUCieuTrwRqR3otALexGHGpQrveTVKQAqBLdoEyOfi+8qAqPr9eWEJxxruIX7dq67DeG96lSVCw3GvM1T4UArF7eHbD/rMaNDDSm4uVBbaIcj+yD+CTncr6r95bjbva7RVj6lCwB+2DRFvndIpIxA4P05gDPn8ftD4cLL/XshnApzlf67/1fzgCGqQSEkbk7yc4+MBJiFLDFmjE7UTtlpSAKCwafs3P6Rh1xLQioiC9UeIWtLIrawPoJphxrwXCztAp5bHCFt2kdVWR2uSSKkHe7D2KwYq8KTmnB6ZLnnzLwd9o93tP52NWC5+tZlvehwRFdia3IGQy8Go07V8WHxHVLfBrp3wUmE1Hs1AyNh6ZU3DkxFUosgsAMiMOvi07N7vaPNyZtv/6nJ1DBu6tPZWFEvPL/qA6AzNZxy/H6dyBuKQrBebVeENBTBljYJAoLAjoWA5LJrP95CSO2xkzcFAUFAEBAEOkRACKlDMEWUICAICAKCQHsEhJDaYydvCgKCgCAgCHSIwE7nHz7rzQ7liShBQBAQBAQBQSAZgTXbNpdlxUNKhk0KCgKCgCAgCHSNwMRdRgohdQ2qyBMEBAFBQBDoDQHxkHrDT94WBAQBQUAQ6AgBIaSOgBQxgoAgIAgIAr0hIITUG37ytiAgCAgCHgLyYWx7hUgipB0ul117POVNQUAQ2IER0GSkUwd1+aNTB932o/ldihyyspIIafqcE0wHOsn23U8oYkkqcy7o66mNXHZc/Bxlmw6vz+6pbvcyI7/LJJ6NsvgswZ10sS9CBmlc+tIXLDTluoE+jhfKVB9mjO97100Ffexb0IFhkVy1ce4OzKhQtWQRUiek5F2j4K5dCFO8F9cr6Ot4q6sJiuZHFXooEFJ4141DnXrOle1KHxruQ+qpmialxnUHY+5unTQX/Q3Fn9RxabiGm+1aonz/ionqipJ8yBIIKbFN+XWrNzKun9A3nVJz/ho4k7YF+oZSfGOsvdHU0y1qHuh3qLJUB53+JpSvXT+h7z/67t8CfOje4tpy9YOvn4B9r4dlH55e1UqU13+M3YdU3jlkr5EpLj2NjFTT3PVeRYs089xdfdNKExpfyiaknkiJugzNNLHLC/pGwwaYDAfqK3et9+FfV11gou+cWXGAvp7bx6i8D+lIgJV7zCyu7g28GPKCPisGX5ONJZPPCSPgGSGvXkzaxH1IurLQ2yIJqY6PfpWtF18z3oAnngRef2v3Et0Ix7mbS5F87/4ee/vl3CNG+ZOAaA/bfmMI0TiWBiWYZE24cdMoRkhkv6wgalwIffNv5QwuiuTkk/ig+WWNKzxwhXdTb228IvrfaFXCAhmE5HQo6wpz78pspFvUnHS6uHw0zE+5wjyzvE9I9gK+cRNgOahryjUhGcJZB586+Wo41N4s+8Lk4vbY4qbZ8wBweduH6AV90/cEWF1cJ46vbKfmNGcLeQJLuw+ptD3cHWT6PiRyLvrK0oqQ2pISp2SdEpJa+Wwwl+8FF3TlhOzspCXlqM6zhJRThwYx6sHgW2KZG2O9sUy8wpzCx7s8C9cVWSjkeKMEIU17Ro2RvpgO3cdTGUV8iZy9CVNf3a2vaaauuvfko/bbi++4cSzgS8Atl5DYfkUIiRgX9mp57RWwuE2FFeZKe/zjxnEVTEMXuJUlwrFs0P+hTkhGt5yHwOlp4g2wZV8Ty2NCeuTh/eGhsYps4EL47LaCkIory68pyEldxDdj+XfAXdJHlXf1x2+MXQUrJ02F9QuKqJLxkLzLOAP7ke0h1a8wN15vuRAI5py3QLgKxupLQ81NsoRtVs9h0+0lzANKSNqQF8pSrfYH7MbYHLIIyuJVR2wycuXY9wNCSr2nHrfBX/H4t4qmXmHOGj614irkB3J1AyJKXetvGLJzHglezdtOVfpAGVZ3u2/99tTzDGEVN0+WOGrDTU0OFdrIwi1CSEvR7ce6mGm/vj6aeu6MZEMo1eGnw1dhv+aPvBtmPTOVlU+PVzjf/A6R44VwS9V/dm4wHlIMoywPCYfsAm83OvdSPCTXqVxCwre+ot8LQjoHpj9/NiyG8+GmyevgSk1Wu3ytJK3whlndhMYrzDfPVnp3HWid0YRE6U6pS9mEdEkRKdI/NsoAiviy5hxzY6y2PWvuu6g3Qmp7uIEyuEW8s8uQHcA1C24HHUOOhY3Y1SFhbNMmZOzabdq4hoSRTUjG0I+GO8yKOGGlz7jTMUIqcLIhLlXLBRZbnpAIHCKr1MUjl3iho6K+pj0Pvz2tJkcObhFCwu0v9UQZHLpfVlAPhGSMgDI+Ufm18SrwhDWTYYwLlZZ9ah6vNP1n6ShrD6nXkJ3fiogeJRJMKS+xfOEh6dDbTFi8NcBkt/Ph6nH3wIVP/AQ+Pr0I0xUE9QVFUKeR5W86+nTQ0bxGQtLRAxvmntY5IdU9pFRbVdrgfhFSWzIyQ+MZ0GIlO2CExBq5pgkZxO4N0SmvAb4Os255uNK4YD8BKzJrPELD5Ck9JhgmZIcNPbU/12D4SmUZpVb05WqRILaSlM4E+KZyv5WHwZIGhUPMOy2JAU/eJkJyJGnbw7WfmQQmfOA8gBTccgnJhArdQoF4OToulb55CwXcThP+iMivjZfDcwmMnXcJ7LUchbQax6uu/xHqof80gHtIXgO4OakLkQRDLLycwCxCCmDA3pLeQ3oI4GJDNHbP6LA74aR3o3dwefu4mZBsaHsSwIblapGvvXR2TqfML9ceZg+Js1VYN00EZE9YstCG7KhohZq78NR1ZeezQnY9kREeWBTOGLCQnSMSe4ihqLdoFA7flIcaUBgAly3Le4SUasQdCOGpwuoEFd6I9E4UemEv4lCDcqWXvDoFQMdrNzHyvbiy70HS9fpywhOONdzCfTvX3YbwXnWqyoXiYt7mqXCglYvbQ7af22DdhA41pODGnViKHGrwT8jhflXt192I6Rsto+h8inzvkEi594b35wDOnIcXGRbYIMTq9N8txBbCqWZB5v7vLcwoShoUQuLmJD/3yEiAWcgSY8boRO2UncYjIBh8ys7tH3mwtSSkYpF4KoC1bawtidjC+vClHWrAc7G0C3hucYtDNRcBilC7/kkipB3uw9isGKtCkZpwGl3uOTVpt4dnO1p/uxqzXH3rsl50OKIU23V7BkMvBqNOBeCw+A6pK/3pg5wkQupDvX0RufTKG/siV4QKAoIAwKyLT8+GYUebkzff/lOTqWHc1KezsaJeeH7VB0Bnajjl+P06kTcUhWC92q4IaSiCLW0SBASBHQsByWXXfryFkNpjJ28KAoKAICAIdIiAEFKHYIooQUAQEAQEgfYICCG1x07eFAQEAUFAEOgQgZ3OP3zWmx3KE1GCgCAgCAgCgkAyAmu2bS7L7rTvvvsJISVDJwUFAUFAEBAEukTgj8e8TwipS0BFliAgCAgCgkDvCIiH1DuGIkEQEAQEAUGgAwQGlJAmTZoIH/3oR2HnnXdu3fQ33ngDfvCDH8Dq1UP2erfWfZMXBQFBQBDYkREYUEI666wzeiIjN1CalG64YfGOPG7Sd0FAEBAEekLgw+d+AMbP2BvetvNbe5LzX2/8BtYtewkevrb37BRJhHTssX8EW7ZshQceeLCnhs+bd25P7+OXFyy4tjNZIkgQEAQEgR0JAU1GE48Z12mX19z1fM+klERIZ5xxmmn42rXP9URK2y0hjZgGpxwNcPfNK2BLOMTc32LvtFKTEXDoKYfAlpvvgbXe+/i5/n0OHLKbKrDuXliw1C/ZqtpaXYT8LvvaKIvDoffe9U/CII1L/zpkJU+AWfPGw9oFoU7iiofQeL3nr2DG/zoF9E0Qv7znT2HZnU/2HSG/gikw8cqz4ZcXnwkb+lzzKUs+2bNnFDZRe0o3z/7nnlqeRUi9klLfCWnfz8ANXzkOxjhINtwBnz/rH+Bf1b/3/cwN8JXj7F8e+zLMuvx+U+rIS5fCXxzsXngMvjzrcngel7V/2nDH5+Gsf9CSiJ+hQEgTjoJ5E9bVSYZ6zpXtSZXQy6H8RhLJqLhJFq5blz35YND8a362PgbfoBYNGdX3tWjquKhyp4x4FG5+pFj+jDj0z+DQLf8IjeuLRPla3slm1VL8rLvn2mbZJDAJhJTYpr7i7oRrQpq9DpZ99baqukMWwYwx15fk9O5jvwf7b/gEPDvmezDjKH11QvWjSewxuJp8vmzlJ0uyM29suhmWXfzX8EssQNV17IHL4E5XvyNIqiwFSEb50+47ppSw7dYH4fYbtxW6dPofwB+d9E7zO34OHz8YTrtgVPS5/uPff+wudqg0diVmT15a9FO1GV786/KdbELSb7b1lBwhTTrmz2E6fB8W3vUTJTUTcssAACAASURBVO39cMzcKfDaE9tg3Fseh288ZG5/g9GHzYEZ8DN4bfIUdf9l8bPtqTvLv5MhO01IXwT4kiUhTTYnvqiIZP0cWHrii5ac9oXP3PAVeM9ts+ByuBQ9r+OoSeyL8CWeiNwrxkjuBlthPIxH3seEWefCUeN9uXpyr51AP1+6Rck5FOC53Q4mvRgjT93aSnk2E2b9GYx45B/B2qiyUvI5YQQ8I+R5T9qozFQ90z/r4B6z2kUrevM4aBNJSHV8zATAxg/L0TIcePY5hyc2xF5/A/LS70/bckthyJH8rY/aZ6D6espusPa58XBU4Uba/qpfifaw7df14nEsiTATN25qxwiJ7JcVRI0LoW96TI6Gf7aEp8f/YNjyDatbnHwSH0RIdnEAJdZFm+r6SekboycszhxwDc8zCOkxfTGs+tFG9mC4sOZN1Z5r2WcBPGZJaMznnoWJG30vbMznvgfvXvIJWPOiEuzK3zUOZhzzfJ28wq5klq8I6RV48Oz/C5OvHw+7vLQOvvOZ1+FD9/0ejMW/w6/gx2f/C7z2qWPg8L1RGfx8WtEglpA02Zb90J7gP8H/vGt/eOzlDghJV9yGlLCHpEnpQ6/dCU/seiy892d/B3fBLDh5N4KQxr0FHv/GD2CjIa73ws8WLoXVqv5UQvrID2fBDz+yFPT/rVOk3SJY+pEfqhtfxyqPahqs+PxZQDk/WYSkVuJbzUpSG51PqvidncA5ITs7aUk5ZvIyhJRTh7ECgTflvV8YzRErXF/c79xkDvrLyafwARzqxPVGVtY53ihBSBPWqn4Z4t8KN1smq4xiYQx3s0azMswj6NATh5uWz+lDCWMCbrmExPYrQkhEO9dOwIRUkIEhqLXvi+BGhebcOK6DCQpXCD2t2lhiHUCd7wnnDHIaYEIa87gyyJbYSgKivKYUQnLd9Aw/33fsIVWlFDl9bCOMU4S0i/KalsPUwlta8SP4+0teNN7TdFhFPndeFUdImoC9/jpvcIla6vbqIXVBSOr2Ojjs5GNhMvwY7tCEM2kWzJ0+1kNw21NPwmu5hIRDdjY0pz0lj5C0JzVnPZxlGOpIuHTpX6hVjlq9fBmRlvp3FiGhPaTYKr2yR8S+UzBBU0MxXDn2/YCQ/BVxYICYvTHfW9kKj7oVdCPhVati1vApD6aQH8jVsiOEVOtvGLJzHhhezdsBKcJSPBFS7UnFDetDFm4RQiq9R9x+5T+Tz91WYUMo1eH3yIg6IZ084jFYsHY8K58er8rbocJ+5HgR+tYG5wwaqooyhHTsGYd74l5aXBFJlodk96eMMBeyspJdKLAkqEyCKRvYAyHpEJ0joeL3/eC9338MVsJEOP5Tr8PyF95nCan+PJuQHNZdEFIb70gD5u8haY/n91U4bj0s116PIiTSQypDdtvgqTtugYc2FtCneEhukGqE5Dyk0mXSJQtiUptIpSc1PAiJM6IRL6NXQjKGfjdYUYbvkEfYESEVY2dDXCoyX+79sIRE9JcrG4S8KmvTtOfhtwe80BZP5CUhaY8wB7cIIZF7SIqQ8PPa6z0QkvGQthwSl18brwJPWDcednOh0rJR6eM12IRE7SH1GrLzx+ZEOPjGGbDhdOIwQyLB9EpIZr9o/X61faL3XaHCdCoc58hKe0h6vyl8nk1IXXlIbckoJCQdsnOhurkfeg3ueGJXmBEJ2YHaUzpu1yftvlMeIZkQHbWHVJxrsD9ob8k+74SQ9L4EedKoaUIGsXvVSjJkxxlX1uhqQUHITv972lZr9HEoKSGEYshpPDzXwkN6ZARXLx6XMLTF4En1NxbKLIkB19VESI4kLQFz7fdCkWifBD9PwS2XkEyo0C0UiJejhFTpm+e54nZ6hMo1Do+Xw/NRGFGGge17pH4y+sbpJ4dz7agr19bg+QCG7Lyag4MT4d+qvRf3l2IPZiIwByMSQnw4ZLd+/l1wn4oRuUMLpha9h3QVwHS9t2T2ilYBXHQ4fFDtq5LP9y7aNqB7SL2QESYk/1ADgPn3u7bCtpe+Xz/UUIbsihDfrk+o/Sa1iZTjIem68Wm68sScJqrqiJ2O2ZWn7/Q73RCSJRJ7uAGHLnD4xjy3ew/ufFMY5qgTErEPYdSCe443jAsFcnXgwwXVJr8WhU+qEYca1Ib9o1tV58yBCka+7hcT0qTr9eV47VFNquEW7tu5edsQ3qtOkrnQYGzx4A52qMN6aGOebH9t78odOEGHGlJw407lRw41+CfkcL+q9pfjzugbLaMANUW+d0ikXIzh/Tnw91mxBSb1za+3lM/gvOXQYq/1Hpjp/b/xM4dBISRNLlcD3GAPM5RYaK/pcrB2vuCIMlRIEVKsPAa4+L0kJHN4YY33uYo7aZdy+g6fyosSkvqj3kc6ZEpRf3msvs0pO/kwtj6gfXnSdKQ5rNScMqo258s/c8/70ughIHRH629XkOfqW5f1Unrblfy2cihCaisr9b3BqFO1bVh/h5SKbVO5vn+H1NSAPv29y371qYkiVhDYYRBok8Xl2Buf3WHw0R3d9OMTTKaGf3thfif9/p19LgCdqWHPD34rW96dp+9fvpP0HVJ2DcwLksuuKyRFjiAgCAgCvSEwbHPZ9dbt6m3J9t0VkiJHEBAEBIHtD4EB9ZC2P/ikR4KAICAICAJdISCE1BWSIkcQEAQEAUGgJwSEkHqCT14WBAQBQUAQ6AqBnc4/fNabXQkTOYKAICAICAKCQA4C397wXFl8p6MnHyyElIOelBUEBAFBQBDoDIGJu4wUQuoMTREkCAgCgoAg0AkC4iF1AqMIEQQEAUFAEOgVASGkXhGU9wUBQUAQEAQ6QSBKSDPeujvMfttIeO9biittf/b/fgXf/a/NcP9vftFJ5SJEEBAEBAFBQBBwCJCE9E54K/zNzhNKIgrh0sT0l2+sVUnJf5OA5D5w5rwzAb55ESwqbifv4EfLvARm765Erfm6uvn14Y5kNrRzz+Nh8Z8AXLPgdljj1dhxe3Q9c2fCaFXHxgeugDPueyG/f2xb80UVb2xH4+ggyMLZjrHKIn1BOf69jHsenhM/dhWcB4t8XchqPzPubfSki3qNPqk53BmeaXo9c86NcNzmK+AaOBPmj7y72Xa0wYdqSrYcCh+A7PZzsGS1pxc9TxuXKCFd945J8Lu/9Y5S0uL/WG9+P+O3qxtdNSmd+8ZPEmrLm3gJAqsik8+BpQesalaqJKEJ7WwaxE7aUwz+XstPh8ueSmo4XaiprdmiE/DJlmlf6AQ3V3lqOzvCWVfbqv2p7bTyp29EROgWCIOhJx3ixulLKzzTlC/boHc1jzqSk93+TgipH/OUbljNQ/rDt43yiEe/Nuv1lebtpe86yJOy4N9/DsuY8J1e0c0/YpQt/wosWVh4SN5z693MnHMVjL0fe1Afhsvm7QW3fhPgvCMBVu4xs/CGfoFXp7QhoOQXq3vrUekWIa+KbidT3ijVaNigLl4/MLE9xlidMNngkObt0IaK7JduD4HPPmoVOHeiP+CPf6siOK3UcyHNsxze4xgzUhTOnJ40rBApA8qMO4cn31KOuPqvJ3Sb0nHTfT1p5CY4cOJkePyBe2HMETMBjMcP8QhHgKfBDHkzobeYo8+67LRn1FyAYDGLxsvZByOXnEecnhR2a8XqKTDX2L6nYOHF1wFwcl7xIy6VHeT1jW1/jNyt/Wnq160j4ziTC6+IfauNC2OvcLSpRkihdxQjJNZL8lYDSIEBD0C10lpxQKEkGhATlnj6IGVoX4Yz7t/LhK42GGNKTITQENTqpVaQsfZQIbugfNmewn02yu08Gao9uh82pFgnXl+LfGOl/1Yo9L1cv7RCc/hEVmTJE3i7GscKaxZnbzgS9M2VTx33mv4nhLLNJK50SFc5UHoS2rhc3B76gDJwk56EC5aPhvnaw9P/xxENzhOqPbcLVBMq1eMyG9YvUPPCNjBZn1nWV/KvnAor9FwLyzR6NlhPtJxTYYwNs3vESckJntXsQ8+eYm6/4jjXCCnQzbD9JCHF7LnCvkZIoRcUIyT8NzyO/gqmGjCtoDgO7srpeO5Jmy+CFQdcpeK7d8MZm6fC4pFLCmJCezZNAxaunPC//dVO4bH57fENEFV+kWdQCsPgxfVDBcKrLgsQ9lRSV6Bsv2L4NE6kmPdQ/G17GMdcz4Mcd7f3mWpAmXEvF1xmTzAxZKdkmblQ20esvz8wekK3Ozq/Ns8u+qD+74XYU/FUaJVzX8/BgKCbNbm5RNH+KpJTvsHMI1pPMgmg74RULJrz+mWjVRTOvdq3pv6mEtK5v1Z3hqufa9XeUvjjwnm9EJJW1MUjV4EODK4fORXgGYDjuiQkbbjnjoY7zAqII8jQE6qXb0NItDGJTZDBMjT1NuUS0pAbx+ghGsKwms16YtxbEBI17hye0cM+g0RIdOhb60g6buWCrwNC0qtzjek16hjEYU9f1+EBKaz3NlSGD1pwng2pJ0OPkIreJfZLF43hTBBSln1rQ0hUyI4znz//71/DOZasvDK64XYTFsxeEhR7SKOq54XrbUMWho1Hw8rNS2DR5oPgsgPUxevPXASXsTFWWxvF2OXmLxOaM0ZnCqwM2uO1E3tCuLznIWnlOxpetntjpkVU6KZU3OZVWqU8QSgH4VnDjfUg+cmRHOIY7uPYhpAcnnjccwnJIzY07hyesXayni4TUmzSf+xtmHojRpRUWYaQCNw6JSTdznlqsfrqRrj1Fv+Ua7I+J03BsH8EPnhMPD2JYcnIcfbBeNV7lnvtpD1Jaj9XKKFf5lUe51z7RobsYhEvVXvSoQbOQ+IPNfibcgvh6PLQAl55VZv8yLhro+8IIwiRVSG7IlZ7IMLehcJo+ag96mDEklcV4ZlDFFw7mfKmbcVxbP3jt7+5PQBESKCmP3RIhOxXw4oDhxXaHWoY7uMYm8EUzpyecPqWpofVuPN48i3lQnv91xO6Tem48YQEzPzl8dRtcSfMwvBl74Tk1xsePqrPo5ieMHtRtv3ukISbj6Vszy7FcUjnpdx+FZLrOOfqeSXHOzzVxkPSokIviSIk1jtKR0tKCgKCQAoCnoec8sL2WEaTgH+YYXvs5eD3aXBxZj+Mvfod+3nfImGgNBld+OufJn4YO/gQSwsEgeGOAPlh7HDvVGL7nRfRfCAoUaAUIxEYCjg3pg76w7ePKolJE9F3//MV9tsjGWdBQBAQBAQBQaAtApJctS1y8p4gIAgIAoJApwgIIXUKpwgTBAQBQUAQaIuAEFJb5OQ9QUAQEAQEgU4RGEKERHy8xXU1loWggwwFnSLcpg85Dcjpb07ZnDYM6bIZeuX1gztu3Z/O9v3QQu7Y55bvDywidagjEEtvlJGJw3VzCBFSBvJdE5L5uM0lfiyueuC+VOe/YM9ovy7a1YTPkZNT1nXHYjM6SGzbd3wy4ey+eJ8IicHTfU3fc5b3rhZAbXQlYxDo7wXtvNDf+oWJlN2cwfOUS82lE6e6hKK2Td4JPWK++wmYbQ7JiB2gy4ff61RyMqAZVkVjCynub7F3+kJIbPZunRyRzA7rfzCI7zeqJXTUmbp10lWcdbvMGt4my7U1PKs3wUFgc4bVUsjYJK0mmSlOLZOQ/j8rizCdLdgkfCRw47MR6xfw5MBJWlG28uAuKfbLapcc090D1Gd8iq/F61mTi8SXRL/YKczolW4/k0Xe1zf0ITOlt+YZFAlwbXqWg1ZX91cl44nJn7hvK+vDzyx9Q/joNjTNo1jmFKJe3rKiJJ5YlxwJhvpmBBHz1Ksg9QNiSk6BQ20xwOm5SfRMzf3crBf+vGZvIXDzlP2wtMV8Ie1wAWiOvpkE0yoJtM7oXn4AHiQQMEKd3UaJBcrn6D67PhFSJHt3LPs1lXqnnKBosO0Kh8wCHlnZUUDjdO4uL5PH4Hbg9NfbOglsmUwVPecv0MvMbWWNbS1bsMt+TmUNJ/sbm2B89nRWEYMPM/uPD5c1ubi2INuLIFM6EThw2biDRJN4wVViESYOjU3syIeuVEb4dAORq2/YogcGndKrmEHksmU3rveJNhP4UPPUE50YHiLlmAWKn1Fdy+b0vLyNoHYxaC4hMeU9nNFcZhcEmfMl6G9jlu6mBZ/N/afTr1XJprkPbOMf3vaFkPRAktm79aSNudI5hMTlRMoJNeDElej3QhHvhpWTTi1utFQrtvNMYkdNSPXnsRtd87LtMgrKhSb0tRcJhqPUJ9agNFgNkpD6iU/KRG20dFWBqF5VmaTZ7O86ByOrt87LyAjPRAjJzZ22lzPm6ZvLBu2gQh5hgl5hQ0bWG9NbWyUZvgnxYeZpNcCJ3hEnx+gHwONqlW/SkdlwYWFgifluFh/18ms87916BQ23WVO45Wdtz5wvCeOSNrtQyjeVF7Eke3MdD/KCPWHc86JQXwipyBhLZO92WX+5K7lrqxw/JlvGgWOGNZmQgnCFA00p41fVBVufUxds4fx4mvnNtcfE8+YrxomNdbKdPCGxWXUTDEc/CInCoTt8MidY0+zpgJD4rMbFpBzzi01wB7qjJ9qkPhJSUW+ivtVCUiipb4Je1b25vAMkJjxKXSPu4cPP0/Iq+STvKCJHhwjL0GvlGbH6bBbWLlRLXENTjkHCfVfEePmeBpLPXjeTOV8wMTfNndjfPU+L8LCpa0IYb9RV0x9CMpUy2btj2a9DxeKAi670ebc5GvrAddVcZpSVvPTMcje9w/JUOyOKxeJGvRMJ2UWy7aaG7HyvDPWrzQV0pcJjfLgx5GL3CR4evhiO0x+Ujb6W/Z3BH4eAvLt+VJOS8UTN7y1kh3FI0DeMgyEnmwWfywKOCcyssoPs1KEhjniWTXPR3RaAbxM14ms2IdE7ClUknO/eVoK9eNMLkQV6TpV3F3WaunzvodnuI/mxWxHI7OCZ88VbiNRblhwi9sYi8HySFgn1uvtDSHgwcPbu8ArzMvu17wnpZhbeSfjchhTYLOBFB1tluQ4UnTsFxJ4OIjXOb39zFmGeTNnNdq6/dp+tyExO3TyLLj2z1x/UFZEbF/8UIu5XN/g07IWUG6NNYTKm/YlXR3NZ6t3mbXkjanmT6SUQPdQQhnRKPbfKw3j3yQYikN+sb8hr8LJN8/MoJTt1WG9tani6Wfy1eGcMm8W/lEHNU8LLYr0vJygy37nDBZyeV+WxvqVk9uftAzePePwjN94S86XRnoA6PJYQbixvzK55Pqhv3olJ7nkxMH0ipOb1QEoJNpbKhfxShEoZQWCIIuDH4IdoI6VZgkCnCOyjpBWf2gx5QjKhIXxMkPo2oVNwRJggMDgI9P3D2MHpltS6HSOw9MobO+ndrItPHyaE1El3RYggIAgIAoLAcEBgSIfshgOA0kZBQBAQBASBbhAQQuoGR5EiCAgCgoAg0CMCQkg9AiivCwKCgCAgCHSDwLAgJPL0EXfOvQ0ujbIix5Db1DdA7/T71Fa/5ZMwJX343MN4RXSB7a89fAPm6HJ1Yqh5mHtoZ7NwVaLf8pMawRdqnHfcq0S/UPaBxmPnnNgu20PV0Vp+ICxXTmv9zBhfDv/McRkGhER/+NblqaQmWZ4hCtJutFb+jLFuVzTvw93Q2FIfaPrtyJc/d6KTkPKNBtPrhK/MeyFKXhfy+psyZr20cyjIT2lDrEzTvOPerePWDfF21x665W3lh9K6ktPr+FXvc/jnj0sfCQl/9OV/wIg/XK0MevARY5mJmu6UUcowy2z5hfmpRU4q90Go+d2Xbz68Ndm7Vap7PDJBBmyTZRt95e9NBu+LZ/qjOFN+870w5oiiHq6/VXp8CjebkHA5wFyTUw0b9DzcaCWMfdXPfezHZYiYDevLdrpxD+R7qWFi8t04ug+liw9yT4InLZ4EsXnjFeJW6aFHuOgd/XyaAunAiaMI/Qk+PsSfJYR6o96m9dyOALHKTZkXtJ5U+JTjW5NP6L/LOXalw9nhyeMWziOcITxFz5uzPjd8XEp5B6THkDGPuOzU5sNQDjduHHPtDD1/SbuhUwcx9orUZ30rgitP6GfNFtQ+bg2zp1B2VUlpmZWBskV9IiQN8tHw8sKLYJHNzuCywGqgj9schjb8lDDeCoAM0fg5s6rcT/pLb77e8qtiDwk7+cg8ZKGh9v9dfQ2+QWWhVobYysDtL4wMypRgU47Qq2MON/sFu5f0cZEKD/nZr5tx49ZEql513cOt+HoJk2JoJRzG9Iu+z8lOrlo7dfuxMXdktgTGRnCjxsvguYdKeKvaGub8Kq8o+Gahd6UxIXGjxqvA0yTUDeXHQoVEfi5azx3+dW+LK895UXHvipZfx9PX/Up/8vWN1nM9L6rs7P7Knpp3XHtcGJTIlxYaaDPWL8NJpB3g+qXl03agG5z1uHP9pfHh7AYvh7Y/RuMa8sfhRYzJ2VjeLgB23q6CaRSeFEFq/L8JcB45Lur6Ic4E2ef9ISQuJ12QHJBbzXGr16ovvuEulUZfzIVzlqHwTpEqA2CJJUlPFjbGCLC6axysZtyHukEYz2ULXmOTXFLXJZDt4XAzKVUqouX624wbow1h+3UxvaJ6Zqqf5Rp/mMyuSiviKfELr2Zwxt0ktdQen/1B8unxQuMepKTSEujxItqj8URjXhkd3+vz5MXi9mEYsWGfq9bOSHlOb3l9ppN9svpG4s/gEIxjpW9MjsFadOEqGHs/WiyE846dR4V+cKGqWng5dx5FslN3grNpfbDo049YfGI5Gwk5gewaiSaEuU0TVbnL4DpYccBVcJyKQlxzvyIWvTDV85Sxq/o1LrzfHPav26O+EJIJq2y+SOWiqxTJ/DskDNseX9HqkwHLMq8wWWZ1bjGy3jLpoe9ZGbZmVw/EwDOGg4/pNsVQ654e2X4dWiyTOVarRP+6hATcGD6iUjTpdtw6Et9v4r8cjnF9XKp09KEc51lesPlodH8K1bhgvAz+9oJB68VUKy5mvLikmeXzgOSYpJlkf5H+ejoa3XRuNkx1JAi9NYWo55TBchK5yEJwECOYE87A+eOI9Y3W89i8puZdfG+E61e9btb+MPPIeNNRL6I3nDk7w+MTsRtUO71n/mLdEXnNhhLTrcDtbnh5pPrjyL1g/eYpipiKWw54u8q1tcn20caob4RUXtSE91kaDboNmeyOY/028y7OpOsxfqWoXgiHzWgbKDZjPLiTfeQ1BJwBSj0RZleKbPvD/trw1wvlhViJuDGE5PcVhUV01mG8MkLvU/jUPIrpG03oax+9j/aMTpZrV4UudX/UcLvK0HiV5XUoofIYi1VaXU+49uhbi9044tBIhacy0N4+Fy3ftbC2EoyMO6lXmXrihz18fW4+KEHhqfdKqh8Ot0o/A31rMa/JfYeIPrD9Iuquha5Rhuxq/gYGs1EXe8BZQ0vIr9qZhqcZIWYPjdLn4oZlxoOx+5/FJadFuYkfOwdOUmT08v3XwfojlZe0B8BKFf72Fr6hXeV0N0mn6wapL4QUu2Yab9yWWXLR5vDj3/o6wPRqP6NwmfUGs/qxIR3PwNVWB/WNN0+GElNtDGuhKAyHQ3CEIeYnu11B7W4BdhuIjJLz7cEhQYaU8UBn4kbHb2MHGph+GeWlx6U6SYcPNKh9GYeNl4+Qls/h4618TXjH3kkTWVTU26MaH+J2QhHWA7Pf5yaJfxCH6q/Ds9Jpf8xKWQ36UBgNVLctH8OhnBNYn7P1jcbfaws+GMTpW2xBZvcSwnlNzjvn8SXOI9ZAM9fce/O3ZjDrdqC4gsTanp5wZuxMLp6mw4S9YvS5IiSnW0inCUIy426zfPt7mrRd4vFniLPOP7UnfSKkhJqHbJF2ruaQ7c6ANay+kT4wVXPjNVjt4Xrdb73qSv7wwq3ZI+xaC7vCuet2DY68dodu+Lb2hZC6ygI7OBBLrYKAICAICAJdI4CzenOy+0JIXXdE5AkCgoAgIAhs/wgIIW3/Yyw9FAQEAUFgWCAghDQshkkaKQgIAoLA9o+AENL2P8bSQ0FAEBAEhgUCQkjDYpikkYKAICAIbP8I7HT+4bPe3P67KT0UBAQBQUAQGIoIrNm2uWzWTvvuu58Q0lAcJWmTICAICAI7AAJ/POZ9Qkg7wDhLFwUBQUAQGFYIiIc0rIZLGisICAKCwPaLwIAS0qRJE+GjH/0o7Lzzzq0RfeONN+AHP/gBrF7ddLNG6yrkRUFAEBAEtnsEPnzuB2D8jL3hbTu/tae+/tcbv4F1y16Ch699uic5+uUBJaSzzjqjJzJyvdWkdMMNi3vuvAgQBAQBQWBHRECT0cRjxnXa9TV3Pd8zKSUR0rHH/hFs2bIVHnjgwZ46MG/euT29j19esODazmT1LGjENDjlaIC7b14BW0Jh3N9i77Rq0Ag49JRDYMvN98Ba7338XP8+Bw7ZTRVYdy8sWOqXbFVtrS5Cfpd9bZTF4dB77/onYZDGpX8dspInwKx542HtglAnccVDaLze81cw43+dAu9WzfvlPX8Ky+58su8I+RVMgYlXng2/vPhM2NDnmk9Z8smePaOwidpTunn2P/fU8iRCOuOM00wla9c+1xMp9Z2Q9v0M3PCV42CMg2TDHfD5s/4B/lX9e9/P3ABfOc7+5bEvw6zL1XWI6ufIS5fCXxzsXngMvjzrcngel7V/2nDH5+Gsf9CSiJ+hQEgTjoJ5E9bVSYZ6zpXtSZXQy6H8RhLJqLhJFq5blz35YND8a362PgbfoBYNGdX3tWjquKhyp4x4FG5+pFj+jDj0z+DQLf8IjeuLRPla3slm1VL8rLvn2mbZJDAJhJTYpr7i7oRrQpq9DpZ99baqukMWwYwx15fk9O5jvwf7b/gEPDvmezDjqH28ZmkSewyuJp8vW/nJkuzMS5tuhmUX/zX8EktQdR174DK409XvCJIqSwGSUf60+44pJWy79UG4/cZthS6d/gfwRye90/yOn8PHD4bTLiiu4uCe67/9/cfuYodKY1di9uSlRT9Vm+HFvy7fySIk/VYvpOQIadIxfw7T4fuwmbwn5AAAIABJREFU8K6fKInvh2PmToHXntgG497yOHzjIX19I8Dow+bADPgZvDZ5irolpfjZ9tSd5d9JD0kT0hcBvmRJSJPNiS8qIlk/B5ae+KIlp33hMzd8Bd5z2yy4HC5Fz+s4ahL7InyJJyL3ijGSu8FWGA/jkfcxYda5cNR4X66e3Gsn0M+XblFyDgV4breDSS/GyFM3pVKezYRZfwYjHvlHsDaqrJR8ThgBzwh53pM2KjNVz/TPOrjHrHbRit48DtpEElIdHzMBsPHDcrQMB559zuGJDbHX34C89PvTttxSGHIkf+uj9hmovp6yG6x9bjwcVbiRtr/qV6I9bPt1vXgcSyLMxI2b2jFCIvtlBVHjQuibHpOj4Z8t4enxPxi2fMPqFiefxAcRkl0cQIl10aa6flL6xugJizMHXMPzDEJ67NFCljayB8OFNW+q9lzLPgvgMUtCYz73LEzc6HthYz73PXj3kk/AmheVYFf+rnEw45jn6+QVdiWzfEVIr8CDZ/9fmHz9eNjlpXXwnc+8Dh+67/dgLP4dfgU/Pvtf4LVPHQOH743K4OfTigaxhKTJtuyH9gT/Cf7nXfvDYy/3SEi60rakhD0kTUofeu1OeGLXY+G9P/s7uAtmwcm7EYQ07i3w+Dd+ABsNcb0XfrZwKaxWbUglpI/8cBb88CNLQf/fOkXaLYKlH/khzLplrPKopsGKz58FlPOTRUhqJb7VrCS10fmkit/ZCZwTsrOTlpRjJi9DSDl1GCsQeFPe+4XRHLHC9cX9zk3moL+cfAofwKFOXG9kZZ3jjRKENGGt6pch/q1ws2WyyigWxnA3azQrwzyCDj1xuGn5nD6UMCbglktIbL8ihES0c+0ETEgFGRiCWvu+CG5UaM6N4zqYoHCF0NOqjSXWAdT5nnDOIKcBJqQxjyuDbImtJCDKa0ohJNdNz/DzfcceUlVKkdPHNsI4RUi7KK9pOUwtvKUVP4K/v+RF4z1Nh1Xkc+dVcYSkCdjrr/MGl6ilbi8ekmt8G1LyQ3Z7wmEnHwuT4cdwhyacSbNg7vSxHoLbnnoSXsslJByys6E57Sl5hKQ9qTnr4SzDUEfCpUv/Qq1y1Orly4i01L+zCAntIcVW6ZU9IvadggmaGorhyrHvB4Tkr4gDA8TsjfneylZ41K2gGwmvWhWzhk95MIX8QK6WHSGkWn/DkJ3zwPBq3g5IEZbiiZBqTypuWB+ycIsQUuk94vYr/5l87rYKG0KpDr9HRtQJ6eQRj8GCteNZ+fR4Vd4OFfYjx4vQtzY4Z9BQVZQhpGPPONwT99LiikiyPCS7P2WEuZCVlexCgSVBZRJM2cAeCEmH4hwJFb/vB+/9/mOwEibC8Z96HZa/8D5LSPXn2YTksB46hKQ9nt9X4bj1sFx7PYqQSA+pDNltg6fuuAUe2lhAn+IhuUGqEZLzkEqXSZcsiEltIpWe1PAgJM6IRryMXgnJGPrdYEUZvkMeYUeEVIydDXGpyHy598MSEtFfrmwQ8qqsTdOeh98e8EJbPJGXhKQ9whzcIoRE7iEpQsLPa6/3QEjGQ9pySFx+bbwKPGHdeNjNhUrLRqWP12ATErWH1GvIzh+bE+HgG2fAhtOJwwyJBNMrIZl9ofX71faJ3neFCtOpcJwjK+0h6f2m8Hk2IXXpIbXxjjRgYcjOhermfug1uOOJXWFGJGQHak/puF2ftPtOeYRkQnTUHlJxrsH+oL0l+7wTQtL7EuRJo6YJGcTuVSvJkB1nXFmjqwUFITv972lbrdHHoaSEEIohp/HwXAsP6ZERXL14XMLQFoMn1d9YKLMkBlxXEyE5krQEzLXfC0WifRL8PAW3XEIyoUK3UCBejhJSpW+e54rb6REq1zg8Xg7PR2FEGQa275H6yegbp58czrWjrlxbg+cDGLLzag4OToR/q/Ze3F+KPZiJwByMSAjx4ZDd+vl3wX0qRuQOLZha9B7SVQDT9d6S2StaBXDR4fBBta9KPt+7aNuA7yG1JSNMSP6hBgDz73dthW0vfb9+qKEM2RUhvl2fUPtNahMpx0PSdePTdOWJOU1U1RE7HbMrT9/pd7ohJEsk9nADDl3g8I15bvce3PmmMMxRJyRiH8KoBfccbxgXCuTqwIcLqk1+LQqfVCMONagN+0e3qs6ZAxWMfN0vJqRJ1+vL8dqjmlTDLdy3c/O2IbxXnSRzocHY4sEd7FCH9dDGPNn+2t6VO3CCDjWk4Madyo8cavBPyOF+Ve0vx53RN1pGAWqKfO+QSLkYw/tz4O+zYgtM6ptfbymfwXnLocVe6z0w0/t/42cOg0JImlyuBrjBHmYosdBe0+Vg7XzBEWWokCKkWHkMcPF7SUjm8MIa73MVd9Iu5fQdPpUXJST1R72PdMiUov7yWH0vp+x6ISPdiL4f+67jPryeNB1pDntjThlVm/Pln7nnwwuN9NbuaP1NRyZeMlffuqyX0tuu5LeVQxFSW1mp7w1Gnaptw/o7JPkwNq5dXRJtqh5LOUFAEKARaPPR/LE3PrtDwbnpxyeYTA3/9sL8Tvr9O/tcADpTw54f/Fa2vDtP3798J+k7pOwamBe6NNxtlK6rfogcQUAQEASGOwKSy05y2Q13HZb2CwKCgCDQNwQG1EOSbN99G0cRLAgIAoLAsEdgQAlp2KMlHRAEBAFBQBDoGwJCSH2DVgQLAoKAICAI5CAghJSDlpQVBAQBQUAQ6BsCO51/+Kw3+yZdBAsCgoAgIAgIAhEEvr3hufKvOx09+WAhJFEXQUAQEAQEgUFBYOIuI4WQBgV5qVQQEAQEAUGARUA8JFEOQUAQEAQEgSGBgBDSkBgGaYQgIAhsLwic+HsXwCHvOQp++63v6KlL//GbX8OjL94Dt/2om/Q+PTVmgF4WQhogoKUaQUAQ2P4R0GR0+O8e32lHH/z57TsMKSUR0kFHfQxe37oN1qx4rFOgOxe25/Gw+E8ArllwO6wJhXN/i73TqoH7wJnzZsP6BdepBPj4Bz/Xv18Cs3dXf1/zdXWV+sOtauJfYuR32ddGWRwOHXe1U3GDNC6d9oES9mG47MqpsOLiUCc5/ey4QVpX5s6E0UrsxgeugDPue6HjCprEDZwu/p9jlvfsGYW90Z7SF+6a3tTJ9L83zt10UV2XTCKk6XNOMPVu+tcXeiclpJxa5uPfOh0ue0pPmFPhwLJ3T8FCNXle+NhVMP+IUV6fowo9FAhp8jmw9IBVdZKhnnNluxrlUH6XitgkC9cdjDn84l64gFo0dNXvXuWkjosqt3jkktLATlT6etLmi5Q+NzQgUb6Wh/W/mCttOpdASIltalM76PE/8mU4Ay+8GOxuHUnP+WvgTNoWPH1QSXambZRuUfNAE2SqHjr9TSi/8I8f9SH65Y3w2e/+LcCH7oWvTRpn/vbS6mPh00/8pCi37/Ww7MOIbIjyutjcbx9CQ6/7dsKesGThRbBoE0CSDjbNXa8mtEgzzwvb7C+2W2kF+VIWIWkJPZGSGdgpsNKCV7UoPmE0yOfBouaVlQF6NGyAyXAg8j5mzrkR5k70+68n94oD6OeXvaInEMDKPWaSXoyRB7RnM3POVTD2/kI58A/5nDACnhHyvCdM2k4pAmUJvS2SkOr46Hay9RqFn1x0xcrn8MTG0utvMAH0+8dttitlJL9abKi+ztsLVqyeAnPNggRNAqI9bPuNIUTjWBqUTNy4+RYjJLJfVhA1LoS++Xqvx/9oeNnNHU4+iQ+aX9a4QuCp1MYrov/Z5ieDkJwOcXO+9jymW7ahpC4uHw3zp29sXhg5+YnlfUJ6Hm69+zyAcRNgOXy2ICRDOOvgUydfDYeC/vtMeGHys/BFcxMfUd72IUZIi6fvCbC6sI+YkKg5nTJ3/fHlvUvSZtTGw9pD4OaiX1s2IfVCSjyxdEhIauWzwawkNZBnAnzTkkNOyM5OWlKOAoAlpJw6NJBRD6Ywmnstd31xv3PmIOgvJ5/CRytLGerE9UbGJccbJYzGtGdUvwzxVyvnynAU5DvGGs1Kb8bQoSdPPmq/ls/pQwljAm65hMT2K0JIRDsf+oC/ECtx0F4BixsVmnPjuAqmKVwh9LTCsWzQ/6FOSEa3nCfJ6ameeymE5DqbWB4T0iMP7w8PjVVkAxfCZ7cVhKS9oyvhmoKcXroQZiz/Doy33hNV3lUfJaSRq2DlpKlmm0BHlYyXrnWQnNNKYraHRGxBxOYc2jYp57S2MYztgU23lyrVipDakpI25IWyVKv9WMjOuYV5HlK1hxRbpZcIUIMTPEtyg5VArhz7fkBIYT89A8TsjfkrnldK1930ryFk5/BhDZ9acRXyA7ladkSpa/0NQ3bOk8OreTsglT7Qex5Ue1Jxw/qQhVuEkErvEbcfkFfp9StCSGh8HX46fIUjA2ZFOvJumPXM1MprDeTT4xXON79D5HgR7WkXLrS6QoTsSOwskWR5SHZ/yvQqiBJE514/CUmRjSMhTTw+IZ0D058/GxbD+XDT5HVwpSarXb5Glk8jJBU23jwbLoPrQOuMJiRKd0pdyiYku9+tG2OjDBBErThb5RESQVTa9qy576LBISTKcBQx9w49JIqddfgsx3tpRUhcHyJ965WQjKEfDXeYmG7CSp9xp2OEVGiKDXGpWsq9H1apif5GVql4D6Yyk017Hn57Wk2OHNwihETuISlCovvVOyEZo6KMT1R+bbwKPGHNZBjjQqVln5rHK3VBxsGUs4fUa8jOb0PD3OsbIRWhuMVbA0R2Ox+uHncPXKj2jz4+vQjTFR7TFxRBnUaWv+no00FH8+Iekt7HVNEDG+ae1jkh1T2k7EWgF4XRUaYilNcJIbXeR/IMKPYoBoCQIIMwPAMaxO6VcpAhu2A/oVRF7rkuEHowXlgAEwwOoyElx+002Ab7c4ke0qJROHxBEFtJSigEyuFJ9Te2GCiJAU/eJkJyJGnbw7WfmQSL8PMU3HIJyYQK3UKBeDk6LpW+eQsF3E4T/ojIr42Xw3MJjC3DwBU51sitQf9Z4uH+oOUlHmrolJCa5l6NkIiFl+tTi5BdCQf2lvQe0kMAFxuisXtGh90JJ70bgYfL28fNhFTsH503CWDDcrXI11562b9wTqfML9ceZg+Js1VYN/GBC24uqrkLT11Xdj47ZNeajPDAuk1y9WzAQnaOSOzhBnxiCYdvzHO796CPqeqf8HRTnZBSjbgDITxVWNWBNwq9E4Ve2Is41KBc6SWvTgEwByoY+V5cuVqluNM57kSXd7gAnX4MTzjWcAv37Vx3G8J71UkyFxqMLR6q05i4PSRujEe4aBM61JCCG3eyLXKowdvwBdwvfJrUjjujb7SMAtQU+f44uhAo3p8Df58VjxcKgzn9d3q/EE41h3rc/xs/WxgUQuLmJD/3yEiAWXgRY8boRO2UncY0IBh8ys7tH3lc3pKQwLbV7RGytiRiC+trirRDDXgulnYBzy2OkNRcBKg+A8gipJ7JKHtpNUgvZMVYVRupCaebzj0fpG71vdodrb9dAZqrb13WG3ouTm+57/na1D0YejEYdSpshsV3SG3GcIDeSSKk4fJh7NIrbxwg2KQaQWDHQ2DWxadnd3pHm5M33/5Tk6lh3NSns7GiXnh+1QdAZ2o45fj9OpE3FIVgvUoipKHYCWmTICAICAJDEQHJZdd+VISQ2mMnbwoCgoAgIAh0iIAQUodgiihBQBAQBASB9ggIIbXHTt4UBAQBQUAQ6BABIaQOwRRRgoAgIAgIAu0R2On8w2e92f51eVMQEAQEAUFAEGiPwJptm8uXxUNqj6O8KQgIAoKAINAjAhN3GSmE1COG8rogIAgIAoJAxwiIh9QxoCJOEBAEBAFBoB0CQkjtcJO3BAFBQBAQBDpGIEpIM966O8x+20h471veaar92f/7FXz3vzbD/b/5RcfNEHGCgCAgCAgCOzoCJCG9E94Kf7PzhJKIQpA0Mf3lG2vhV/CbBPy4rLsJr7JFULbm8Nru1mIT2skmwey4PSizd5hhO7l7nSfsTMAnuXGuYMe4GbEZ7czCmbqaoJf2Z7RT9Yq8sC6r/czgtNGTLuql7thyz3ZXbe1sXvv91pmoj1N3Ql0DZxaXHd7ycFxr2+BDScyWQ1+Fkd1+rndZ7elFz/OMAklI171jEvzub72jlLT4P9ab38/47bHlM01K577xk4Ta8iZegsCqSHivTNbLYeGEdjYNYiftYe4+yu1bU1tz5eUY+lzZneCGSQ7f28Q1piOctfhW7U/QN9d08i6ejtqfrScd1RvTkVZ4pildtkHPxqdD4idEZbe/E0KyQvo4Lq6ZNUL6w7eN8ohHF5z1+kpTfum7DvK6t+Dffw7LmPAdd5eL99yugryrxk0N6g4Sdfvhrd8EOO9IgJV7zITZetVkr89dgyfqAau8VQ4lv7znRMvQP2j1RbcTrQhweaOco2EDTIYDE9tjjJW9/ynN26ENFdkvk2K/js8+5tpxXxNr9z+p+2waV4dKxPAex5iRonBmxr1p5U5NVGbcY3cc0a3Nu2urSz1Jbw+Nm7lpduQmOHDiZHj8gXthzBEzAR64Qt1uqu9hstdiU54QcZMy9mZCb5G8MJMZel122jPqzjN9gR22HWi8nH3wr7kvBBbziNOTwm6tWD0F5h4xSpUu7i0Dbj6y95PxHgnbfk7VM/qlrz2P4UwuvCL2rTYujL0q7bnqQ42QQu8oRkisl+StKtCE8i5pqlZaKw4olKS8B/7pg4obJu/fS92MORM2lEoQrHyjN29yK7lYe6iVdVC+bE9xc6xRbndZF9UedN9MnXh9LfKNlf6bvYivhuclsNfy6iJBEp/Iyi55Am9X41hhzeLsDQdBBNwKMXXca/qf4MkR9/oMlJ6ENi4XN33j7fxJT8IFy0fDfH17qf5/SALBgtLUWcPZLlAX3A5rzOLAv1I7WZ/Z9UnkBtVGDwnrCb780N7gqq+cv09dQEfJCZ7V7EPPHkluv+I418Yl0M2w/SQhxew5RUihFxQjJPw3PNb+CqYaMO9KZrv6Pk8NmI7nnqTugV9xwFUqvns3nLF5KphrlTUxoYvCmgaMveddKYS/2ilu8PTb4xsgqrx39TVqv1E4aiLh1YkFKLx9tj5H6oYw+/76TUpq40RiZ2f5h+1hHPle0p4HOe4aT9JQMs+ZcS8XXEZfEkN27DXcg6Un6biV82vz7GI+q//XvJIkQkK3G2tSpy4VbFbnaIli3N3NvqgoM49oPckkgL4TUrFozuvXVTBW3zpN4RwSZK59a+pvKiGd++vVZoSuVXtL4Y8L5/VCSFpRF49cBTowuH7kVIBnAI7rkpA0sc0dDXco9/leZAhYQsL3wmPDEVzDW9toJgbMTERHWEmTZrAMTb1xuYQ05MbREQmJO2FYzWZ9XU/0Fe+5hESNO4dnKZ9q5yAREh361g1Mx61LQtKrc43pNTAbDnv6OohiljTPqEI2VKasxAXGG1M/nGdD6snQI6Sil4n9sosuFude7VsbQqJCdtz4/vy/fw3nWLLyyqBNWFBx5PlHgPFIFo1ScVvtupeutw1ZGDYeDSs3L4FFmw+Cyw6YokjpIriMjbEyBsLb/GVCc8boTIGVQXu8dmLiweU9QtLKdzS8rOVwBsszcKmzhAkVcbixHiQ/OZJDHMN9HNsQksMTj3suIXHjzuEZayfr6fZfT2iNZQiJwK1TQjL7ymqx+upGuPUWSxa2gcn6nDQFw/4R8wiPiacnEULS7b9yKqwwi2L7g/XEeBt7FnaySd+S+hEWSuiXeYXHmQzZlcRcbxQZsotFvJSIpEMNnIfEH2rwN+UWwtGFG6iAxiuvapMfGXfjnVjCCDySKmRXxGoPRBi4UBgtH7VHHYxY8qoiPNMerp1MedO2mTDa1uu3v7k9AERIoDaOdEiE7FfDigOHFdodahju4xibuRTOnJ5w+pamh9W483jyLeVCe/3Xk2RCwoc+0PziCQmY+cvjqdviTpiFEYfeCcmvNzx8VJ9HMT0JSAeBSM3H8plnl+I4pPNRbr8KyXWcc/W8kjMXH55q4yFpUaGXRBES6x2loyUlBQFBIAUB8th3yovbU5n6YYbtqXdDpy+DizP7YezV79jP+xYJA6bJ6MJf/zTxw9ihA7W0RBAYrgiQH8YO185kttt5Ec0HgjIFS3EPgaGAc2PqoD98+6iSmDQRffc/X2G/PZLxFQQEAUFAEBAE2iIgyVXbIifvCQKCgCAgCHSKgBBSp3CKMEFAEBAEBIG2CAghtUVO3hMEBAFBQBDoFIEhREjEx1tcV2NZCDrIUNApwm36kNOAnP7mlM1pw5Aum6FXXj8SMyl01Pe+H1rIHfvc8h3hIGKGGQKx9EapqbZQl4cQIWUMRNeEZD5Qc4kfizRA3Jfq/BfsGe3XRbua8Dlycsq67lhsRgeJbfuOTyac3RfvDyHR38np1hfEaXIUutyIXXYqd+xzy2e2lcWB0TcjPpynXOoanTjVJjR2zfJO6BHz3U/AbHNIRuwAXT78XqeSkwnPsCkeW0hxf4u90xdCYrN36wwNZHZY/4NBnIW6ltBRZwfWSVdx1u0ya3ibLNfW8KzeBAeBTfNTSyGDk5ni1DIJBiQj2+5lT9HZgs2X3QRufDZi/QKeHDhJK8pWHmRaZr+sdskxcToVL3VKt/i4bO9h1uTiC3eiX+z0ZfRKjy+TRZ7Nxk3prXkGJqNzkZLqEjhotc5mXSxq6h9souSVVDYHhgSyPvzM0jeEj25w0zyKZU4h6uWtKoOD63+ob0YQMU+9ClI/IKbkMIsBzg7YbN/1xUMsUwODBoMbm7WdzHQQsRvcfCHtcNHGHH0zCaZVEmid0b38ADxIIGCEOruNEguUz9GdVH0ipEj27lj2ayprcjkAaLDtCqeLLNc4nbvLP+YxuB04/fW2TgKrk8Eag4Oe87nqMnNbWeUZY1L0o2zBLvu5HTiP8EkjFptgfPZ0VhGDDzP7jw+XNbm4tiDbi6D0iso6zGXjDhJNYvxLLMLEoY0Tm9YNKiN8uoHI1TdsJAODTukV+6V9C0NcVk28S3wITM1Tz8QnhodIOWaBom4XCC7r4/TcJH0mE7zm4sCU93BGc5ldEGTOl6C/jVm6mxZ8NvefTr9W2kciK3shJv7hbV8ISQ8kmb1bT9qYK51DSFxOpJxQA05ciX4vFPFuWDnpVJXKUSVaVCu280xiR01I9eex5Kl52XYZBeVCEzq0k2A4Sn1iDQq/ljV/IQmpn/ikTNSGNuM/R/WqyiTNJtvVORhZvXVeRl54JhbO0HOnbdguT99cNmgHFkptlaBX2JCR9cb01lZJ4hASEjNPqyFO9I44OUY/1F1HapVv0pHZ8HRhYIn5bhYf9fJrPG/EegUNN9JSuOVn98+cLwnjkja7UMo3lRauJHsTckZesCeMe14U6gshFZl5iezdLg09l/26tsrxY7JlHDhmWJMJKQhXONCUMn5VXbD1OXXBFs6P567JmE88b87mTWysk+3kCYnNGp5gOPpBSBQO5lroTvDJnGBNs6cDQuKztheTcswvNsEdC1DizEibTDiGuT7bLebaElK1ClUX4LXOWp220Kl7c3kHSFgcPELi52mZkTvJO4rI0SHCMvRaXRfP6rNZWLtQLXO9fOr1IqXXUI2X72kg+ex1PJnzBRNz09yJ/d3ztAgPm/IiGW/UVdMfQjKVMtm7I9lha9lkOeCiK33ebY6GPnBdNZcZZSUvPbPcTe+wPNXOiGKxuFHvREJ2kWy7qSE73ytD/WpzAV2p8BgfbgxbbvwnEhLORl/L/s7gj0NA3l0/ql8Unk3ht95Cdth6JOgb1nMTBrdJjU22aWIM8J6KWWUH2alL42rnS8SzbJqL1a0AgUWs2YRE7yg0rOF897YS7MWbXogs0HOqvHcYxfcemu0+kh+7FcHpoYd/5nyh9i9RA5t0tCzqjUXg+SQtEuqo9IeQjDLbqxlw9u4g23eVBdn3hHQzC+8kfG5DCmwW8KKDrbJcB4rOnQLiT0lRKue3vzmLME+m7GY711+7z1ZkJqdunkWXntl09+QmfFZWdS6bOzcdOXwa9kLKjdGmMBmjV4lXR3NZ6p3eljeiltepNBxq8MakwMTTiZ4PNeTqG/IavGzT/DxKyU4d6nlt9FkcxrBZ/GkjaPWN8DZjXqiRFZnv7nCHLpZiB6ryGP+UzP78eHH18vgzWcYpOxD0K7yFIJWQvBBdzfNBffNO6HLPixHuEyFxBijvORtLzbrwLq9OKS0IDBYCfgx+sFoh9QoCA4nAPqoye+P2UCck992Bu3/IbTaamxzlRxDYjhDo+4ex2xFW0pWhgcDSK2/spCGzLj69lDOkPaROeitCBAFBQBAQBIYFAkJIw2KYpJGCgCAgCGz/CAghbf9jLD0UBAQBQWBYICCENCyGSRopCAgCgsD2j8CwICTy9BF3zr3NmDXKihxDblPfAL3T71Nb/ZZPwpT04XMP4xXRBba/9mgt2JRP6cPbQzuTKum3/KRG8IUa5x33KtEvlH2g8dg5J7bL9lB1tJYfCMuVk6ufbb4h6gJ/1c1hQEj0h29dnkpqkuUZoiDtRmvl73EuN7+e9+FuaGypDzT9OvPlz53oJKR8o8H0MOEr816IkteFvP42j0+YaiXljbwyveCQV1O70k3zjpNa71c3xNtde+iWt5UfSutKDodvfpbubvDX7ekjIeGPvvwPGPGHq5VBDz5iLDNR0501ShlmmS2/MD+1yEnlPgg1v/vyzYe3+gPJhuyzYfaI2sdg5Rf89Edxpvzme2HMETNBH1/n+lulx6dwswkJlwPMNTnVsEHPw41WwthX/dzHftS4hO104x7I91LDxOS7cXQfShcfKp4ET1o8CWLzVndce4KPgtE7moinKZAOnDiK0J/g40P80WGQOV3jTOu5HQFiFZoyL2g9qfApxzc1DZc3LxyePG7hPMIZwlP0vDnrc8PHpdTqnVzRZ8wjLju1yUPzK7h3AAAL2ElEQVRH2A2ckSEF56idoecvaTd06iDGXnkLSNcmfSuCK0/oZ80WEB8sN4+XkpLrsUXWL30iJA2yzdRgszO4LLAa6OM2Vyn6i7b5KWE8hiZDNH7OrCr3k/7Sm6932jPUXTOx7LOhofb/XX0NvkFloZ4N620uM9z+wsigTAk25Qi9euVws1+we0kfddZxP/t1M26cJqh65+0Ft+LrJUyKoZVwGNMv+j4nO7lq7dTtx8bckdkSGBvBjRovg+ceKuGtamuY86u8ouCbF8EivDghcaPGq8DT5YDz5MdChUR+LlrPHf51b4srz3k5ce+Hll/H09f9Sn/y9Y3Wcz0vquzs/sqbmndce9yHk0S+tNBAm7F+GU4i7QDXLy2ftgPd4OxsXKVzTXaPsxt0Oxtwa8gf51sFzh4SzykCC+5Ni3AP+af+EFLImC7MEiQH5FZzJNt7WXN9w10qjb6Y64BVUN6nhMI7RSoOgCULnbFytQfGGMFUd12D1YwDPwjjVR/w8rnXyPZwuN3nEy3X32bcGPUI26+L6RXVM1P9LNdY2dhVaUU8JX7h1QzOuJukltrjsz9IPj1eaNyDlFRaAj1eRHs0noiAK6Pje32evNgqMAwjNuxz1doZKc/pLa/PdLJPVt9I/BkcgnGs9I3R8wAzPwxMzDt2HhX6wYWSauHl3HkUyU7dCc6m9Ux/kb1qxJOTE8iukWhCmLuahJw95O1kc3g/nZb6QkgmrIJS6Jf/DgnDttNXtPpkqKXjZ7LM6txiZL2li+17VibjA7t6IAaAMRx8TLcptlr39Mj2a5e/TOZYrRL96xIScGP0Imy/G69bR+L7TfyXwzE2fw2wdBMjlOM8yws2H43uT6EaF4yXwd9eMIgzWXMTlWmPCdWWeAYkxyTNJPuL9NfT0WgIo9kw1ZEg9NYUop7zhiMsX/cwbc1J44j1jdbz2Lym5l18byRiKD3v24Z1KfvDzCPjTUe9iN5w5uwMj0/EblDt9J75i3VH5MlXmnA4xOxkgH86/dRL9o2QyouacGbZRoNuQya7V3tO3Am76jqASlFrIRYyQ3Og2IzxaK4XgckZoNQTYXa1zrbfW+FUyvpCeSFWIm6Mpvh9RWERnXUYe5zofQqfmkcxfaMJre2j99FcuNSsgm3q/qTYMxqvsjx4oVndrJz26FuLnf7g0EiFp72A0bZfG5RY6Ka2QoyMOyknU0/81Fm+PsdDTMFKncGfG8dKPwN9azGvyX2HiD6w/SLqroWuUYZsz25gQ9qoiz3grGEn5FftTMPTTD9mD43S5+KG5XoS5XLxWF5SmWDLerJx6RTVF0KKXTONN27LLLkoFvn4t74OML3azyhcZr3BrH5sSMczcLXVQf1AgydDiak2hu0EdRmtcQiOMMT8ZLcrqN0t8G4DMTLhyz557cEhQYaU8QTMxI3OARg70MD0S7WZG5fqJB0+0KD2ZRw2XoyZls+Nl+elJBCbp2v4gEuI2wlFWA/Mfp+bPP5BHKq/Ds+qHn/MSlkN+uAINSwfw4HUn2x9o/FPxs3N05ixsns84bz2bESpE3nziDXQzLXd3vytERmae2jPsRucGTvDzd8mDzu0V4w+V4Tk9BrptH2nuHUbE0Ydh0LPmeeNRJ5ORrpknwgprxFDq3RTmG1otXbotKa+kT4wbePGa7Daw/W633rVlfzhhVuzR9i1FnaFc9ftGhx5XePfF0LqKgvs4EAstQoCgoAgIAi0RQBn786V0RdCym2ElBcEBAFBQBAQBISQRAcEAUFAEBAEhgQCQkhDYhikEYKAICAICAJCSKIDgoAgIAgIAkMCASGkITEM0ghBQBAQBASBnU488YNvCgyCgCAgCAgCgsBgIPCrn/6Pstqd/mDaPkJIgzEKUqcgIAgIAoIA7D52FyEk0QNBQBAQBASBoYWAeEhDazykNYKAICAI7LAICCHtsEMvHRcEBAFBYGghkERIf3nmRnhT7TRdvVjfeSo/goAgIAgIAoJA9wg0EtK0ya/DyX+4xdT8je+OgBVPvSuzFXvC2deeCPDVa+H6n2a+yhbXMv8c/nhPVeDJ2+Hjf/PjDgQntHO/GXDT5wC+dO4y+IlXY8ft0fVccTjspep4+Z6/g0/fZK4/zfth25onZrst3RqfBD1xoHUxjrkD0KZfA9LODNxUn9//6XPhi3Cbr/tdtHPQ8LE2Ah6EeaX96NhuELpy1F9eDidu/Dv4EpwIC0Z/v9lWtsGH0tGWchoJ6fJzN3jVXXrtmMwpkqeIWcJn/Cn8fwetbgY5SWhCO5tA7qQ9hZLuveRSuGhZUsPpQk1t7UH0dvFqa3wS9MQA1NE45oKd3a+BamcqbqrDeh7NfhUZ7g7xHIr4dGI3aEXZrghp+iG/hOM/8W9wwZfeY3o7/4svwu3f+x1Y/ui7G6eJXuEsOKq8BAe+fUnhIXnPrXdz1F+eC/vciT2oD8JV146EW74K8MVjAR4dfXjhDW3CqwuruAEhUfKdcTAy9A/yquh2opULLm+UeQ/YABPhoMT2mMl1ZnHJTpq3Q09csl+6PQQ+49SqaN4Uf4hWLqoITivpPEjwLBn52jukcY6oBcKhxD8wDqUeQNAvN15he7hxLJ8XevTDJ94P84wuroEFJ/4TQAwfZrw4feZ7nDGOQLfzeTWH5ox+FQ6aMhFW3vMgjDnqcADjMUMVIUD6acY1Mu50WzPamTpeaJ52hVsxh+uRli7nRTo+tH3QbWkcLyqiExCS6RPyZkJvMXn+qg7psh9ZqeY+BIt3Yj7y+sPYQ0Zv2fn1oh9hqtt9dR8S9x3SO/7Hf8P/PmcDvGPn/4bPXb6PGauvXvoC/PqN34L/dd0Y+PW//xY/Fz3FRYqkDU0Z8qpWZj88qADtlr2tm/7IAcrQboZP3znShK42GGNKKGS4sqjVS3kasfZQocWgfNkeNNjOk6Hao/thQ4rUAGAQ/cmr/1IY0Hu4fukB5vCJrASTFdqGSGr4M+PIe3TK4N42CX6o+4I7HDNwVL90vdxzQq8uWqbrPR7G2LCnN7EpfAzhEeNV6288BJ09jkw7TZjlQz+BeUv2gAXaY9D/r0UEgnmR4QFkt5MzKMnjkhC6D8ZAq0urdraYF6FBY+v1Clb4P3CoIpLYeHGeUO25XZCb0J6WPx1eOLeaO8nzl7XQzHzU5Rv1B+tbi/mFtjyyCOnoI16Do47YZrqECUn/+54HdoG7H9iV7a7P6P6A4biwK6cn3pyXroUfHnSuind+Hz790iS4ae/l8GlNTLEOECsLSr7eg/HZ/xfGY9MKVJX3JzZV/nrPMBFx7lCx8CrEooU9ldQVWbhCKv8dw6dRsSLejPsTQxg+bky8PxBf4FngXu4lxggJjbtZeSr9uCgwiO55uZCxe20VXiNpIuQmHjNevvzU0FO9HDuON9HtLMu/NL2YD+r/LkRN6qfeo80e94x2cvoWzAtnaGLzi9U+NQamr7V90w7a2RE+uu1Re0KMl+lvMiFp+TZqZKIF1SIpYdYmFSHnY4SQaH3LJDZuvqOzBaSHhL0j3UYcstP/bvKScglJT7Sb9l4NjyrZL4yeBLAS4MQuCUlPpCv2gNvMCp0jyNATqpdvQ0j05IrpzGBNPKJNHRJSId26/m5jdwgSEjVenD7HD+lkjGMuIZnIAaGfHRnc7AXQdkBIfAiaWICYyEHEnnRASJq8tC5+CabDEY/8U4cHwvA8D+YjR0hMf6//6QAREvaOdBu3vPZW04sRu/6m7E3US0KbkmD2kqBYGb8Hb1YGBHDsHvDoxuVw/UsHwFUHvV+RUn1FXHPxKI+k3AxlQnMG3PfDo0F7vHbiCYbLexNPD8bvw0t4xU+F7ErFTVq4WKMdhDa8TV4u5IhWVWbFwStLssvPEQY3jkmnKBniN97JHoWecDhzz9n2RCYMhY838dB4cfoc7S8TYqb0k5nYrIekCcl5kFg/G8ad1sCMdprQnDXE7HghPUTj4s2vGG6sh5fZTjayEtMJCiGGkAj8S4+wC0Iy+zNqcb7xVbjlb/xTvcnzN8nkhP0j8MFj4ulbD/ML6w/Sh/8fO//ZKiyvkVwAAAAASUVORK5CYII=\" data-filename=\"clipboard.png\"><br></p>', '2023-11-21 11:34:04', 1),
(15, 3, 1, '<p>erar<br></p>', '2023-11-21 11:39:27', 1),
(16, 3, 1, '<p>sdasdsad<br></p>', '2023-11-21 11:39:33', 1),
(17, 4, 2, '<p>en breve atenderemos su caso<br></p>', '2023-11-21 11:42:24', 1),
(18, 3, 2, '<p>sadasdasd<br></p>', '2023-11-21 11:42:42', 1);
INSERT INTO `ticket_detalle` (`ticketD_id`, `ticket_id`, `usuario_id`, `ticket_descripcionD`, `fecha_creacion`, `est`) VALUES
(19, 3, 2, '<p>fggsgsnsfgsgs<img style=\"width: 198px;\" src=\"data:image/png;base64,iVBORw0KGgoAAAANSUhEUgAAAMYAAAF0CAYAAAB47kaXAAAgAElEQVR4Xu2dB3hURdfH/+m9kUJCSehF6U2aFOkgUqVIREBEXpAiiIggHRWlqqAUaQYB6VV674SSIISEUJIAKYSE9GQ3m7znbkmWEGBzd7NJds/9Hp7vNTtzZs5/5ndnztx7Z0wAZNM/vlgBVkBNAZPY+OQSDUZwZAyqe3lwo7ICOlWAwdCpnGzMUBRgMAylJdkPnSpQ4sHQqRpsjBVQKsBgcFdgBfJRgMHgbsEKMBjcB1gBzRTgEUMznTiVkSnAYBhZg7O7minAYGimE6cyMgUYDCNrcHZXMwUYDM104lRGpgCDoacGz6Z3NdMkEqRmSPRUIhdTUAXcHBxysjAYBVVPRHoBimdJyfBwcYSLva0IC5xFHwo8e57CYOhDaFUZqZIM2NtaMxT6FF1EWQyGCNG0yRKblITq5T21McF59aAAg6EHkdWLYDD0LLjI4goPDFkiHvhfwvH/HiIu3QqlqtRGt/fqw9NCVVMZnt44jqNp1TGwmXdO9e/9uxG3aw1C9/JA8v2zOBjqgnYd34aLkCLlHo4dfwC3Vu1R10mVJQ3nN+2Daa8P0SDxPxw/F4igJzQ/tC+NOi3aoE0VR5jlFJmIO+eP4mjgM6RZu6JB6/Zqv8uQEH4Vp87cQfDzDNg4V0DjDm3wjoeiwrLEUJw8dhmBZDvT2gnV67dB5wYesCyg8AxGAQUrouSFBEYGrm9bixMmDfDBu9XgapmMkGOHcCTpLfxvSDO4gjrhjT1YcewxUr1bY+aHtZXuP8Su9aGo90l7lHl0HCv+uY14+1oYPqINykgjcGD9Hvgn2KKJ71B0Lq3Mku6PNTtNMbBNElZtf4KKrd9Fy/L2yIi+gd2H7sCl82foV01AIw0B29fjX0kDfNSlGizz/J5+cxcWnzXBu52b4W0XSyTdP4VtJ5PRYOggtLENxIbfr8C82Xt4r7oLrFIe4N8955FQZyD+16JUgZqOwSiQXEWWuJDAIH+kUkgsLHLvqLIArF/0H3xGUEdLOIyFe9LQtnEW9oRXyQXj4WH8EVwTI1vE4M8/b6N867K4fdkU/UY0RNjfG3GtTDNUDLkG0x65YKRd2YpNpu9jWENLSKSApUXO+IBHR9dgQ2pLfPtBNSD+LJatj0frMd1RS5kk7epW/HyzHMYQrC6g+kqpvmojmv+WZbhSbjB1fmfIZDKYmeXalt3Yjjl3q6lBrVkbMhia6VTUqQoPjLyeCR1zzVM0G98LDcxk1NHMYHZ7J2beyQVDfRol74ixZ7BkNwgMGjHov2VmT3Fk5b9ADhi506im1nkLlOG/XStx1LEXxr/nibQrWzD/fg18179u7tSKRps/fw1D3Ql90Ci3zysNxeHYmr/xpPH/8HHtPD9K43FhxxbcKNePR4yi7sGFVL6ewEiG/5a/cNKxC77sUiG3Y95UByN3GlVB5Wz0yVww5H+LwkF1MFTTqIENYJNHINmT4/h101M0Gdkfze2AJ8fXYuWzRnnu8Dfx18/+cB+sNjVT2kmmEeGX8w7o/3lHVFZxIdT3YASlsEK5Ft0wuHk5jjEKqWMWtdnCB4OCcP8df1OQXRe+g5qhnPrNVx0M1TSqE0XdGoKRO416EQuJPD55gNJd+6NfDXu5teiT6/H70wb5gHEblccQPDkjjiL++f10Opr27Yc2ZV4aSiBJeYTLew7gutcHGNOmYEuvPJUq6i6vWfmFCwYFzMc27ccVi0b4tF8juOftY2pgqE+jNAMjv2kUderbB/HnwVhU6tkHPSspoJBfIfvx/Uk7DBGmZaq/EYw/HaAYZlR7KEYpKcLObMOm6+ZoNag3mru+DEWOPRqRFu8zRX91expozmBoIFIxSFJoYMgSb2P7xpN4WqkTPulUGWpdNNftHDAcclajFB1Ueb1uKuWkXI3KmUYpOvWWAEu0HNgzn04tTMN2IrrRIPg2oCVc2RMcXLsTD2oqV5ZoZAvcvxV7Y33Qr397VKXpV86VeA2bD6SiSc9mqGQtwEJlHfbD+md1MSmfadzr2pXBKAa9XoMqFBIYMTi8ejPOx+etgQOaqs/nVWA0jlSsRqlPo4SsrwGjdbhqNUo5jbq1G7MPhCErb5EV2uZMn2TP/OG36RIeZVvCVCqBTbW2GNrlLThRX5dPta4kvCSZc8N+FLy7EnQ7sfXKU0ithLwZkNpURk/fLqilDpAGgjMYGohUDJIUEhgF80yWnog0M0fY5yyVvjm/JCURMmtH2LxmtpO/FRnS6LUMiYUDnOR3/4JcUiTTy2UyazF5FeUwGAXRu+jSFgswis59/ZfMYOhfczElMhhiVNMiD4OhhXh6zMpg6FFsnkrpWWwtimMwtBBPTFYeMcSopv88DIaeNWcw9Cy4yOIYDJHCic2mLzAy6UvBkMBruHL+LFLjYlHazRUu7q54npoOD/fSMKGTUKxt7eFepiy8qlSHuUVBX6AXq0AUDv28EEdj8uZ3Q92PhqJ/fQ9otjiptIP2mDipE171/kHUoZ+x8CjQfuIkdCrASwoMhtj2FZmvsMFIiH6CkCtnEX4jAOlm5jgTcAVlPcrBydkNGbJs2Dk7wJreek56Hg9JWjqsrLJgS89mGjdthar1m8K2lJtIzzTNFoKlPQbB70l+6U3h7bsOm8fV1AAOpR34YuPucaD3p/O9Qpb2wCA/wHfjbox7VaJ8cjIYmranjtIVJhghRw/grv9JxGZIERuTjPD45zBzsEHMkxgE3blPI4YHSnu6y1/NT0lKRFaW8Co9bc8gSUdtHx9UL1MGbxEgtbr20JG3+ZlRgdECM68sQTdlkvTQdfhi2DIEpFXDqL0bMfSNd3cGoxAbSf+mCwOMJ2H3sXHpT3gUdAcwNUUadfwnT57B3qs0kpJSEHHvPpxL0QdV5mZIjIuDhKZZWbJMORjIsoCVtTmcbC3h7eEGZyd7VKhSFYPGfYOyFSoXgkD5gyEUtH98Y8w8B7SYeQVLuqUjdMdSzN90DHcf0+hm6YnKrYdixpTeqCJ/4VMFxkD8MCwKK365gPA0M3jU6oVv5o5CC+WXl/mNGOmhO/DDrLU4dS9K/mDZu35/jJ82NCePYJ1HjEJo+teZ1DUYAdcuY+q4z5CakAhLM0ukZ5rhWXICbLPN4O7uBnt7e9SlGKJqxfIwtcym72CykWVqAjNrK2Sbm9JoEo0Dew/jxsN78CnjhSreZWFpBbgRJCMmzkalGrV0rNArwJAGYVHfwdj0xBk9/ziCLyPHof2sK3Co0RB1PK2R/ug6LofSKzsNJuPIir5wVIERZQoLy7J4u2llWEcF4uqdOEjtO2LR4Xl4l4KVvGBIg5ZiwBA/hJuVQo2GdeCZfg8XAyOQbksj2HYawZQfZDIYOm72N5nTJRiRj8Kwdc1iZBEI6SkZMKPXXHacuoSoyAi0qloFH3brhGpvvYVS9i6wobjCzoF6vI0jfQ9P+1nRFAuWpqDhA+H/3cWUOXMQS3HH+23eRVkrSifLgFOF8mjYfTCcPbze5FYBfleB4YoabWorg+Z0RAVexZ04KUy9h+Cv7aMpZohAYKAd6tRRfTocgZX9e2PVw1aYd2khOqrASO2MJXvnoIV8FJEiaFFfDN70BNVG7cVGmo+9CEYU/hrcA78EeWLghm2YUFMR5sft/gI9514COi7C6Xnvyv/GYBSgSXWRVJdgLJv1NSyfRsHN0QaZMMfpG3ex6fQ5VCxfGnOGf4K6wihBwbYtgUHfS8KUpk4WFrYwoWA7i6ZOWRamyM5IpADcFpfO++O3DRtRuZwn3qGVqmdPwuFRvQKcfKrinT6f6cJ1pY1XBN+m1nCv2xfTfxyHpgIL0jDsnjsNqy9EgxBFjb7j0SBwPJZdUsUmr4gxHixDn37rEN5iJq4s6ZYHjP0Y33gmztWdiGOrB9Coo7quYl6HkdhlmxvIMxg6bHJNTOkKjG1+q3Bxx1ZUdywF7/JuiKPl1wUbtuNJ9FMM+bgfRvXuAZPURJhamMPKgcCgjmciyYSVhQnMrS2RLXwbTzGHiWUWTGntNik2DbN+X41TF87gk66dUKuSNzIyM5CdJUWFph3xVtvumrinQZpXxxi5maU4M7UjJhwGavadjEmDyyJ+3zr8uPo0nma9AYzEzRjebiECXgfGO9Nw/rceaitfNI2jkXGTKYOhQQMWThJdgJEQ+xRfDusDexNT1PUsC0cbG0TT84kVuw7C2sYa07/6DLWqVIMtgSDNlsLM3JY6vzkyqaNbEQ/WNJUys7aRxxlmJoKfEkjJ1tpte/HrypUY1O4DNKlVCY4ezpDKJEhJk6CF7xjYu6q2ZtFGG03AUKbJGogNeyegprI4RXCeB4w8aeI2D0eXhQHw9N2I3bQ+++JUSmk3nmzso3hCNWSELEUPWtONyolfDGwqFRwZg+peHtq0WqHn1QUY/gf3YtUfi2CSLkF1mv+7OjvicXwSdp66QMFzGXw5oh91fns4WVjB0dqeYHGECe1wIqG4ITsjHeYUQ1g5Uq8gKrKzKCCXJoPicJy+cBkLl61HmzotUM7dBjKTLErnjKxMKSo2aILGfX11oI8mYCRi2+cdMP9GOQxctRET6lhDGnME3w3+Fsee5QHjiSmcavfG0P714BZ+GEuFUYUilFHbaMmXvpLOG3zH7R+PPrT0leFF3+KMbgfv2BvYsnYHbia8GHcY1FTKGMBIT0vF2A+74SlNk1ys7JFANwPhjp8mM8H9yDj07dAa/bq2hJmNHS29OtG2DRawsXGAuTAyZGXKp03ptLWRNe3mbWGv/MoqSwJZegrCH9zHmHlLYWftDFvzdHq+QX83t0F2ZhokFJ+sO3EDtnb5fotZAGA0AUMIMTZj/KeLcTlB8emZhVdXtCp1AMdu5R0xOmNgzcvYdoJWoxQJ0XXeOsxqqwjaX16upQB97WiMX3UdFOvLL1Pr8ug8e3VOHuFvDEYBmlQXSbUdMU4c2odVS35A6coVqfNaIe5RNJ7FReFZYhIehsdizMAP0eWdWkhITpcDkJBGOyem0teKtExbxtUJNnZ2iKFnGenSTDi4usCR/lkTIE40wljRsPHplGlIzQQa1hE+RzahwN0JmZIU0JiCdv1H0hPylrqQQUMb6YiPjEe6tQu8XF7aH+kFG9Kkp4hNNoeLF/mjkXWlbXN7uLnTTSJPHgZDIxF1l0hbMPwP7kEwPbuwc3Sg4JhiiCT6zJbigHuRj/H31p2Y8cUI1KniiQsnryGRlnCjU+PpXal4eNnaUdxRBWVpqnX3YRiC79+n96ZSUK6SD0q7lIKPT3m0bP8epsz7EU5ZZqhMfzehaZcDLfOa0E52Vl5eSC9fCR/4fq47MYqxJQZDz42jLRhn1q9CeGgITOghHa29IlZ4sEeBt4uNPfz27MbHH/WGm7MFLl+4iaTkVHrglyF/L8rJ1gYN6tZFx05t6fWQEOzefwipaRlwdrGRv2Do5eWJDl27wI+WbF3SslG6fFlEJsfBTJIFZxplkuiJeqSlJcZ/v1zPihVNcQyGnnXXFoyNc76hmJmmOA72uB/2EKnpmShnR1OByFjcjY5GvZb1UKFSWYRFPEN8XAwSn8XRqx9Z9BTcHR5ubmjepjVSkpNxzf8qvS+VAgurbHjSE+8yZb3g4uyMh0G3kRAcgfDYWMhoimViScu99O8B2YqkE6B+XrNPz4oVTXEMhp511xaM9RP/BwmtEknpXacM2ulEamIJRydrVDeju3pyChw8neFSzh3Wdh6QpD9HSmwcHAkcW1qejX/2HD5v14NLKQc8j3mMbFqlSqXY1s7VGc7OFEukpiL01nVkJUhw/VYwrK3s6J8FYp5FI55GngQCbI4fbZFqBBeDoedG1haMVeP/h3SZFM+jYlC+emVE0P/PoDt/o+rVYSmlmMDBDtkEiqMzBaz2brChKVBiwjNEUbrSZSvBwtYC7qU9IE2mYP1uMMpXrQgbJ2E5l14+pJ1X0mkHleCwR/Dz2ywfYTIyUundKnNIra0hs7HFko379axY0RTHYOhZd23B+Oz99vgvOAg29KafMM1Jp1fMU54loEWduhg39BNERITCypmOMnNwpAd89FCP4oiQ+3dhTulNs6mDJ1NMQrFJaYopHkdEwNo0G+XpKbdTaVeyR2/aElC3wh/h5+XLCRh7mNETwXL0ENHK2paeaTjh67kcY+i5y2hfnDE8x/jm048Q+F8AUmkp1cbUElbCa+a0LFuallXH+n6MmJgHtCRrTkuWFJyn0ncZ0c+QTVB4limHqxcuIiORdsGjV0HerlcPrjRyBN+4Ss87rOBM32mUKudNO8pbUewSiZTUDFiYmiGG4HGk/PYEE+wd8MGs+do3VAmwwCOGnhtJ2xHjuN8aHNi5FeH0oVF1Tx9UpMA5kU6CTabVKQm9KlK9ghc8POi4KXrHSZpCX+jRAzpTe2f5i4Im6WnIeBoDCTFTtW4dJNKOinfvBMBClkzBdxk4lC5Pq1zJCHsUQ6teFihFI0RSfDzc6RlHYkwkPOo0pJ0kR+pZsaIpjsHQs+7agnHz5BEs+G4CUugN2Roe3vSQzxrWwueo2dl4Qsu4XjSNqlWvJn2IJKGTYZ2RkJSK4OAQuNGLhHYmFjCn0cWS4gULRztkWVvgQVgoalT1gauXG0woQL//OJrO/MmiFa3n9JTcjKZcHshIT0fa80S07PcpytSqrwPFZIgPOo2tx27jQaLw+NkG7jXfRve2zVDVuaC7Q+qgOvmYYDAKR9dXWtUWjAx6KDe+R2s8kWWhlndNuJlbQkZnhkvp9Y3ooGB4lLJF5eo+9CTbDrY0LUqhVz0srazhTM85TDKykEpbjJrT6+aeFTxgTyOLNMuUYo2H9EyEhhH60Cnk1l1IaXUqJeE56K1DvN24EeIpIJeR/R7TltJ7Vpo9V361rDI83L8Kiy+mo3zDxnjHizZhSIzGlRsCJM7oOHoEur/xs9bCbzQGo/A1fqEEbcEQjP2zcB72HdxHL/rRiCH0Z1pqFV4STIyJgp2lCZxcbOHpSu8KpWXC2c0B3hUq0kO+JMTSt9+pz9NoadYO5SrTy4fl3Ch4z0LQzUCKKdJgQS8cXj1/BQmxz+BAI5J7KReY0hQskaZgdTp0RafPxulArQD88d0BJLX/ApNaO6jZkyCUDjL1qFVN7TsJHRQn0gSDIVI4sdl0AUY4LbOOH94P7rTzhyW9vmFjaUd39QR6LyoR9WpUpdhaBnM6ms2FNp+2og+SXFxdUaZ0GflKlb2dIxzs6ZVz+novIT0JobRi9fjBA4pJTJBJU601e3YhK9uEHupZ0Ru3wusgMpjSq+wL/toG70pVxbqtlu86lk09iNSOecHIx3RSCPZuO4HzEQn0vMUCTl5voS8d0VBHNd0K3Ikp51zweRdz7Nt5hR5C0heAjp5o+kEv9KmuDl0Sbh3Zi51X6J2ytCxYOnqgyfsfoGdNZ+XpXjex7nt/eHzSDY5n9+JwnCfGDWyTUyGT2Phk+tyl5F7GsCqlap31q5bh4N5diHkcjkSa6phRPJBJ8USnd5ujcll3RDwIhSO9Wp5JRx64l3aDJ+0pZUujCn0KTk+7rehdK4IpIQGR9LRcRs8/LGjp19HNHecDguhLPzP6oImOOzCnN09trdG0TTe06tpXRx0jDZc3/I6/gjPpiOu6aNmkJppW9YZD3m2tZLex7se9uO1cDx/1aYxydPLvrX27sSPMDQPGD0Qzod/7b8KY/ZEo5VEdXbo2QxWHZIQePUhnpCSj1kfj8OnbQrwiQ8CWX7EmxBGtenVF6zKWSAw+grUHHsOzx2cY3UgwJMB6ClEuZnCq8g7a1/FE+VKuDIaOWlwjM7oYMVQFrfxxNkJvXqVVJbrh0z9hyuNAAXTdGhVxPzQIabQtjpWdLZLT0mBKy7f2FHOY0UpUNn17YWZJH7uam6MsrWpZ0Fu1WfS78G33naD79Lo56N0rCs4laXClB4DvfzVbI980TiR7jsDjB7DnwiNEZ1DFaWRyKl0ZHfp0Q2sh5qAr5shKzLnqhdGTuqNGTjyehOMrlmO/fTf8NKgWzAQwDtlg5Dc9IWdAfqXhwrpl2Cx5Fz+MeAe2sScwb/FN+AwdDd8quYF94tn1+O6YHT6Z1pcOSxXAOAbLAV/iM+VBpDyV0rg1dZNQl2BEh4dh5Yyp9PZsEp4lJNEbtk9Q3rs8undshYchNxH15BGdAUJfZAhPrSlYN8mkz1jpmwwT+qzVys6aYhFngsKcnownwMnVk77Q88RaekPXzNIW5dw8UM7VDUNnzIBrWbVzEXUjQ44VSXI4bl+4igOXQxCZ7oR2I0eiZ1lQ5/4Bexz64Yc+L27hk0odevJFT3z9VSeUF8A4WUrxv9XqJbu8EeP/tcbwGX1QVw6PPUZPJcDU6552AYvmXofPqFHoU1YA4wI85f9bkYjB0HFDv8mcLsEQyrp98ybGjPkC0XG0tYzMlF4LScYnPbvAhwLsoGtXEfkkEuY2FrB1tIYDvWFrSv8n7D1Fm+jIR5QM+vy1lKsH6jZ+F8fO05aeDx4j9MkTNKhXH3OmT0OtOrXf5JJufpeFYP2P2xFYqQcWDqyMkysX4WTZwZjZTdlTlaXIO/1pt9eCIZ9i7TbFx3P6o+75DfjqfOmX4IHMH79Ov4wyDIZu2k9bK7oGQ6hPcEgoJk2ejnv3w/A8NhLWsnR0bdoQVct4IDY+DjG0bSey0mhDBNolhNJbUPwgjCC29I2GFz2/cPaogJPXQnCOttHxrtUQdhRXLFwwDxXoGw3dX7G4FZSFGjU9co+1lhcSjwO//oFjbgIYb+EO7fG07FFdfDeuLXI/Vpbh2sbFWJ+inCYJABx3xsSvuygPF1XUVp73SX3MHNMarqF7MWVtJJp/ScvAaruPym5uw9f/pKL7t4PRxoZHDN23cwEtFgYYqirM/2kp/lz9N5ISY5GeGgfXUvYoS2/SOtB0yYVeA3GgKZQlxSBZ9KpHJr26TrN7xCam4O6DCDyiEadcjbcxfPgIjB2ty+1y8gj06CBm/B5I23+0oZGtHirZU0whS0PY2a1YdjgW1VVBc+wp/Lj0Kkxb9cb4DhXoPHV6KHj5H/ywOzI3jXxkiIZP0874tHMNUOwMycN/8eOfgbDvNAoTWgqBdSwB9ydOmjbBiM/aoopQ3HN//PHrEYRV6YEfCEIzefDNU6kCdmXdJi9MMISahtDosX69H7Zs3EjfWzynb7XNacMDQiCbdp6iINuONkDIzM5COr1CLqF/oN+FFajhn3+GYZ8OQZXKlXTr8EvWhKfeR7F2VwAeJAtoKi9zR9Tp9iGGNckdSRKDD2HlthsIk9BU0ESK1Gx7NOw1CB/XUy6zymMMZ9ohPRr7TtP3IyYy+mTXBJ6Ne2JMT7XnIbTsu93vAE4/ksDSxpQ2s6aPr+p0wvi+deUwKValGIxCbvjXmy9sMFSlJ9PHSEePnsC5cxdw69ZtRDwKR+xT6jz0yrqzkzMqVqyEevXqomnzd9ChfTv5Vp76vmRpCYhPIzjMbODiRM9W8q2AjLYfpecYMvruhEbAF1Z11YNvSTJ98y2BlX2pl5d+lXZV5b0ujaoKHHzruTfoCww9u1U0xb1iVUoXlWEwdKFiAWwwGAUQ601JGYw3KaT43ZiefGumCKcSqwCPGGKVE5mPRwyRwuk5G4OhZ8EZDD0LLrI4BkOkcGKzMRhildNvPgZDv3qDwdCz4CKLYzBECic2G4MhVjn95mMw9Ks3jxh61ltscQyGWOVE5uMRQ6Rwes7GYOhZcAZDz4KLLI7BECmc2GwMhljl9JuPwdCv3hxj6FlvscUxGGKVE5mPRwyRwuk5G4OhZ8EZDD0LLrI4BkOkcGKzMRhildNvPgZDv3pzjKFnvcUWx2CIVU5kPh4xRAqn52wMhp4FZzD0LLjI4hgMkcKJzSaAwVfxV8DNIXfvW967Vg/tJYBRmfZ74qt4K5CQlJZTQQZDD23FYOhBZB0UwWDoQMSCmGAwCqJW0aVlMPSsPYOhZ8FFFsdgiBRObDYGQ6xy+s3HYOhXb/kDPg6+9Sy6iOIYDBGiaZOFwdBGPf3lZTD0p7W8JAZDz4KLLI7BECmc2GwMhljl9JuPwdCv3jxi6FlvscUxGGKVE5mPRwyRwuk5G4OhZ8EZDD0LLrI4BkOkcGKzMRhildNvPgZDv3pzjKFnvcUWx2CIVU5kPh4xRAqn52wMhp4FZzD0LLjI4hgMkcKJzcZgiFVOv/kYDP3qzTGGnvUWWxyDIVY5kfl4xBApnJ6zMRh6FpzB0LPgIotjMEQKJzabrsCQRVzAxtPPUbNrFzR2UdUmCdcPHMRVu8YY3rrCG6ooQ9jZvTgSJoVP8w/RoWJucknUDew/fh03I5IghQWcytdE527vopZT/kfUv1hQYdkVq7i4fAyGON1E59IFGLKIY/h5rT+iMx3RauT/0KuMUJ0kXPJbg39C0pFVpSMWD67/2jrKIg7h+z8D8TwrC1V7TsbIBorkSdf+wfw94bAsWxON6paGE5Jx56w//kt2RbfRQ9He9fWuF5Zd0YKLzMhgiBRObDZtwZBFnMaSvy5D6l0GGSEJqCMHg0aKLRvw9wN3VHZ5gGCbN4Ahe4TtSzfhfv3GcDhxCVADA8nXcSyoEto0dkLO+CC7C7+fd+BO9Q8xt1elV7teWHbFiq1FPgZDC/HEZNUWjKSQA/jnQR0MqR2E7/8IRS0BjNJPcXLLedh80APYMR+boQQjLRDrlp8D2g/BkLo2yurSVGf/SvwS9ja+GeWA7dMPvwhGvk6l4eSqX7DbqpDtihG0kPIwGIUk7KvMagtGjt0nRzBHBYZ8KqW4Lm1QAyPeH7+vOgtp808wtqUiEFFMdR6j8Zhh6Ox6HX9oAkYapVt4GEktRmBSW7JTWHb13BavK47B0HNj6BWMvL7lTHWGUgd3o181AYNilw1/YvMjbwyd3Bt18ou/C8uunttGvTgGQ8/iFx0Y6lOoVnCX+/0mMJIQtPNvrK9fFZYAACAASURBVA4AWn46HL3K50uF2tRMl3b13DB5imMw9Kx/0YGhgOCelQ2szVVOZyE9JQOQ/80bvSb3hHJxiuZcCfDf5odNwZZoPXQYPsgXily4dG9Xzw3DYBSt4EUHhgRJ8SmQvOB+EDYtPgN0GIGBtSzg4GIPS+F3SRh2rtiKsyll0P3T/mjj/rrnF4Vlt2jbiUcMPeuvVzBkT3F+32WgeWc0z7dzvzyVkjw8iWWbryDczAd9B3RADXs1gSzs4GpP6BSWXT23BQffxUhwvYIRfQzfL/MHWgzBt51K56PCy2DIV7VCXyGY6sFhYdktRu3EI4aeG0NnYGhYb0lyMmCvnCJpmEeTZIVlV5Oy9ZGGwdCHympl6BsMPbtnMMUxGHpuSgZDz4KLLI7BECmc2GwMhljl9JuPwdCv3vwFn571FlscgyFWOZH5eMQQKZyeszEYehacwdCz4CKLYzBECic2G4MhVjn95mMw9Ks3xxh61ltscQyGWOVE5uMRQ6Rwes7GYOhZcAZDz4KLLI7BECmc2GwMhljl9JuPwdCv3hxj6FlvscUxGGKVE5mPRwyRwuk5G4OhZ8EZDD0LLrI4BkOkcGKzMRhildNvPgZDv3pzjKFnvcUWx2CIVU5kPh4xRAqn52wMhp4FZzD0LLjI4hgMkcKJzcZgiFVOv/kYDP3qjVRJBrxcnfVcKhdXUAUYjIIqpmX6bGTD2cFWSyucvbAVYDAKW+F87AtwpEkkSM14cfuzIqgKF/kKBdwcHHJ+MYmNT85mpVgBVuBFBRgM7hGsQD4KMBjcLVgBBoP7ACugmQI8YmimE6cyMgUYDCNrcHZXMwUYDM104lRGpgCDYWQNzu5qpgCDoZlOnMrIFGAwjKzB2V3NFGAwNNOJUxmZAgyGkTU4u6uZAgyGZjpxKiNTgMEwsgZndzVTgMHQTCdOZWQKMBhG1uDsrmYKMBia6cSpjEwBBsPIGpzd1UwBBkMznTiVkSnAYBhZg7O7milQqGDwBgCaNQKnKh4K6GUzBAGKZ0nJ8HBxhIs9bx1TPJqea/E6BZ49T8n5udBGDGGTMXtba4aC+2KJUUAvYAjbUlYv71liROGKsgIMBvcBViAfBRgM7hasAIPBfYAV0EwBHjE004lTGZkCDIaRNTi7q5kCDIZmOnEqI1OAwTCyBmd3NVOAwdBMJ05lZAowGEbW4OyuZgowGJrpxKmMTAEGw8ganN3VTAEGQzOdOJWRKcBgGFmDs7uaKcBgaKYTpzIyBRgMI2twdlczBRgMzXTiVEamAINhZA3O7mqmAIOhmU6cysgUYDCMrMHZXc0UYDA004lTGZkCDIaRNTi7q5kCDIZmOnEqI1OghIARhUM/L0RgnYmY1Im34TG0Php16GcsjOqAnz+pV2xcKyFghGBpj0E4/t5G7B5XrdiIxxXRjQIhS3tg0IMRuLKkm9zgsekd4VdhBdYOq6ibAkRYYTBEiMZZdKtAXjD2j2+MlRWL9iZYQsE4hukd/VDht5lw3TgNq0/dQ4zMGdXen4Slk9uilKrdpGHYPVf99y+xsP4Z+G6qgBVrh6Ei8tgJb4tf5H+XIubcckz7cQ+CYtJg5lEZrYfOwJTeVWCttB13cSm+mSf8ngzYe6N+//GYNrQFPCyUCdJDsWP6FPxx+TESZDbwrt8f46cNRYucBHk7lxRhu6fiq2WX8TheAktP9TIfYM3Qz/HQ9zBmt8vN92DNUHz+0BeH1f/4gll1PxT1bDb6B8zO8UMocy6mrT6Lh4KfTmXRZKT676pyN6PrvZlYuOU6wtPM4N3oc8xeOBA1lb6+Tot86/hgDYZ+/hC+h2dDcCcXDGtq1/k4nRyPNDNHONm0wGR5GsGPtZi7ZBsCHydAZuOBmh98g7mj1PTWLasooWDsx/jG8xHgVQWdR32JwXXdEHthPib9cA0NF53GvHcFleKwf3wfzP7vLQz/YSLeLwc8OrYMi9ZdQ6hdT2zcPQ7VINhZgtAyFvBo/hmGdGyAevV9kLl/PPosiEPPGXMxrIUHMu8cwNzJC/Cw2zpsH01Tuai/MLjHRpSZsRJTO3gBz+/gyI/fw7/rn/i+HW1aLQ3C0gGf4lCFrzB/WlfUMI/BuTXTMGuXO6bsXoiOjvm04oUZaDs5FB8u+A3Dmtgg7f5FbJj7N6y/W4nPKyqmkg9GXIFytiE3kPdOm9dqnODH7BA0mDwfXzVzQ9qjfVg4ZRscp+3ED21sEfHXYPT/LRbNVL8H/4OZs/5GSs912DyuJiygKHdXShU0GDIBo9uRiMGb8N30TcDQvdg4lOK9N2iRbx1DlqLHoAcYcWUJhMlTbpq6uLzLH4c2z8Np9+FUXn006tkE5YKXos/oALSaNg39qpM28nr6IaFn4Y0qJRiMJXD59QBmNFXdoh9gWZ9+ONxKKVbAfHQefh5dNu6GelgS5zcEnbbWVwNjPqx/OoYf2yrtSE/gm3YzgFlqfxN6nGBvTDwmH/sRbS9ORatvMvDdyQXooCperVdGrOyP3sfaYceWESif8/dEbPu8A7Y23IYtI3L/qvo5au0gdN/XAv9sH0UjVt5LBBhyP75B7Kh/sXpAzhgKqVQKCwuq9Kt+vzoP3UcGoveOLRhRXlHu9Q8PYZ1vro3DE9/BVNl0RUxw5vVaFAwMRYzx8lRKSvW2oHrn6hK0qDsGh4/MiUt0PGCU5BFjJSrm6fQvCEp3y8Z/eGPD3gmoqa6a8PeVFdXAyGNHfjc7i7qTB6GBuXrGUOz++RRqr96LCVWCsMz3U6yLcECNhu+h1Ydd0bdJbbgo51lCPRZKhmBsx7IvtFfS+T/xS+pwnP+tB92N81xx+zGx32yczSiLOm1bo2v3XmhfzxsO8oQiwJD7cRfDzv+GHvnAS7dp+v0mBh5bjQEvjGBXMa/DSDwdL4xOGpRLo+PrtNANGHG4uPQbzNsTgiRYwr3hSHzqth7fPckN2BkM+e1fmAK9Hgzp7i/QfE1VJQBqsr0JDPlIcwLubWojv4XhWoN+hmJVMR2Pr5zCgeP7cPr4VdxJKo8hf/phdE0pjQyt8UtsY7xTye7l9vJoj4mTOuVrG9Ik3LmwB4eOnsSpE4F4bNUS0/9ZiG6lNOigeUuS+xGJMcrpyksVeeXvQVjUfTDCR2oIhtzwq7SgyVieFSd58ldOpfIfMeQ2dlXEtC0/owfFaNKYc/jpfxOwq7xy1NI1FWSvBE+l3jBiCEP8hMcYcWgd1GYBeBGYfABL3Izh7f5E+RemaW9SPh3nvuuOCamTcGlhR1yd1wEj736CQ+t8cxcC3mQi7+/SGKz7rBv2Nv6H4hqpfEpzc+Axmhbl3t5fG2MkbsPnHVagzFL16aZaIXI/l8NNfRop/ByxEv1770CD1Qcxua4IIAkSdS3kdbw5EMdWD0BOzQsIRn6rVG+Krwoqd970hgsGTT+W9fkY2+w+xcJlQ9HAAUi6swXffPErLtt99OqpFK2AnJnaEV/daY9Fv3+tXEWSIunaWqyJ7Itx3UpRbL0MU/fUw1cTVKsicdj9RU8sdKKgUYj8I9ZiUN8NsB+zCkt9lStZ6Y+xY8Vh1Bw1NGc1R70x4vbPwI/xH2O2Kj1NURb1HYyrPYUg1xabh7fDcusp2La4N618KeozeuIqBNWd+Yp5ttKP680xd91MdBBWw2ilzG/6SpiPnocBPkJ4QH6+8HsgFg36DFusR2LbxqEUH70ZjDdpkbh5ONott8aUbYvRW7jbJ13D2tETsSqoLma+FHznjhhL3P/Akal15LHFxZmt8FX0COz93Ve56heHo5P6Y4p0PMcYLz7ge/NUSt7p4k5gxvDpOBiRjiyYwqn2R5j73gOM2fqaGEPIR3frI3NHYvbBKFrCtIelJBnJVrXQf/pcjKJVKou4i1j6zQxsCUiFjZMNkJaANJfOmLduFtoqY9T0wJUYO2kdAlJtaNmRkiRL4N7yS/w0uzeqqNZ81ciQhu3G1C8X4FSUGZzsLSFJToB5jZH4dYUCJKn/AvQZuwWRsIOjmQzmDUZjks8mTAl/zTxb7sdwzDgQCdjRtC4lDba1c21CWM6eOgbzT0TDzNEGskTh90+xaPkI1JHX8c1g4E1aSP2xoM9YbBGq4GgGmXkDjJ7kg01TwvNZlVKAEUELEX2XP4CltRmtqB3C0uaBmE9Tp93RZfF2bWvEPnLAW2UjcNjc6INvbQfG3Pzy1Z+j7bGX7ohvfLmE5vxPY5ORae0CL1VkrV6V9HhExqcDr/pdmH3HRyI+3Rz2bu7KQPr1vkiTniI2ORPm9m5wV0TeuZeyPmTs5d9eZ1ZZz3xtCvne9Lsm8r9WCxrhnsYiGfZwc3d4eeEhH/ty3aCue8FtaFLtV6UpIVMpMS7S9GbqPCQNnQdf5S06PdQP4z77FcmDt9H05OUlUzGlcB7DVMCAwVA8Sf5ywSk8pjuVk1ka4iUO9IR6Fn4c11R8UGyY/YC9yqOAAYOR66l8WM7UfBjnXsIKGAUY3MysQEEVYDAKqhinNwoFGAyjaGZ2sqAKMBgFVYzTG4UCDIZRNDM7WVAFGIyCKsbpjUIBBsMompmdLKgCDEZBFeP0RqEAg2EUzcxOFlQBBqOginF6o1CAwTCKZmYnC6oAg1FQxTi9USjAYBhFM7OTBVWAwSioYpzeKBRgMIyimdnJgirAYBRUMU5vFAowGEbRzOxkQRVgMAqqGKc3CgUYDKNoZnayoAowGAVVjNMbhQIMhlE0MztZUAUYjIIqxumNQgEGwyiamZ0sqAIlBAzFqa1HY/K451YN3XsMQLMamm37WFBxCpo+ZNtYTN3igbF/TsO7+Z2aVFCDlD7xzAKM/iUEHeetxMd8LqcIBcVlKSFgKDYX9nuSn5PCZs1qGxWL00EHuaKwdlB3LA+xQcec4860N3tmaitMOJyGaqOUR3tpb5ItaKBACQOjRc7W8bT/N5LCz2HNtFnwC6LtglvMxHY6+ir3QCwNvNd1Etpm/0qQI53jRzui68o27Vh+/UYiajbOPRhTV6bZzqsVKMFgKJ1SniOx6YkN2qkdgiJsqz932mqcuhcFiaUnKrceihlT1Lbgp+3rV85ciC3Xw+W7cHtUaImhM6agt2qPfuqQ59bOxZJtdLKR6hTV4XTCaQ8f6vTCaa/zcbHpV1jV8CidtBqJ9r/9hY5n6RTVzcCAFWshHFEtP7GU/rvPtz1xb9kvuBCuOAG2y9iFmNAhFx7hhKC1c5dgW+Bj2l/XEp6VW2M4nTbbw4fwOjYdHedfRNPJuSe2pofuwA+z1sp9E043felEWFWecctR79QULLsg+Oj68qm2TMYrFSj5YAjzcOFwkoUBcO4pHDbSkA52WYoBQ/zwyIFOde3fH+XofLu9u28g2ssX6zaPo/MmImja0xfLQ13RavgIvGsbhuPbt+GSrC/+kp/mqjjxdea5ZFh41UOL6s54HnwONyJt0WP5UUxrLJzPMRPnTE1hakbnX9hXlMPQcg+dHuQH+CrPBpSf+uMXBVMLS5R9uykqW0ch8OodxEnt0WrebiwUjm+luo3vQ7aSLeBVrwWqOz9H8LkbiLTtgeVHp6GxcDTazHNoMVNxYqvKt3CzUnT+Xx14pt/DxcAIpNvSaLqdTkEVhkxlHlNTazhXq4c6nukKm9IXbx7MhSGPGIJvQYvQffAmRNF06sqShvhrcA/88rAxpu2igxmVcyup/DTSPfCZfAQr+p5RdOxGU3Dm997Ks7vjEBPjAA/h5CH5MWWHgXemYRcdJKkwEYfQUKBKFXnPU+Qv8yH+3PK18pAV5bG8L4GRis5L9mJOC8VpMVKqa1+q65Nqo+RndNyVxxBCUbvwm6qycaEIRRUoilIHI0rhW5AnBm7YhgnKg7bj6LzBnnMvgYIbxYlOyjxvj96PVUMUI5P0xDdo9/UxuPgW3hHAhgSaQYwYOXfIVvPoDDypotM6VUXL+mWRe/BqFG6evIN4eZqm2DWaTkC6LIWpNU1FarRAyz4fYVi7GvLDXRR3+lT0/OMIaADK51KCIQdRcQqQcCny5R0xcv9bmUq5kCDES6MQKiwqpPbEH0emIv+i1MFQllt34otn2kFx0uouW1/FEWp5Rhll5eiUVnnlsFv9fGdD6s069MUAwEgkLt6naU8a6k4UDm9UjgauNdCmdj5nJtUahJ+FY1eFoHYLnat36CxuP4xBYjodRuatmGqZLRc6eBbdleno4hfOQlYprw0YqtUrNTCyBr587HJOUfmAQSPZi0ciK05a3WTKYOiKjRIORjoCV47AuFVBSLbviEWH5+FdiwDM7zwc21Lb4SfhsPpXLA/lHAQvV5Ls/NQfn26Nly+1To7+HB3mX4PnwA3YRmQoTKgfwl4QMPIAFkenpXZZiABPoRMPReDnHTD/2otTIzqREVI67V1e7gt3f+WydTxBtY/iCdWzEvkpqH6IajAZR1b0hSOPGFrzUcLAcEUN1fnb6VG4c/MeolKkgEUl5Rnbii4cRx2jDwWsqNkXkycNRl23WNzdtw4L/Btj3YoBKCU9g6ldZuF+iyGY8Ek7lLOJxbGZY7H0mqMicK4YhKUDhsAv3JZMDMfwZuURcWE1Vh+0wei/VqBvuYKA8QSmTrXRe2h/1HMLx+Glq3H6Kei5hOK4s5xg2rYm+g4fjmblI3Bh9WoctBmNv6iTl8vTyVW+ZXi1xdDR7eAdewNb1u7AzQQ1uBgMYwPjRX8t7PJZhlXe3YVjxsbMP0ErMco8pk6o0nsylk7oAA/QaaaLxmH+jlAkZOX+Xnvkr1gxVDlC0HLu/C8mYcdd4cRX4bJAqeZjsXLBAPhYFASMLHQeWBOXt52g1SiFHa+u87BuVtucZy5xF+fji0k7cJemc4qiSqH52JVYQGcOW7zUyaUIWjsa41ddV9oDxUnl0Xn2asxSHRnLYBgLGGL9TEd8ZDxNlKzh4uWiXH1St/Wm32kCpTxF1drFC/kd3Pq6mr0QjFdUnABr/ko7ylNJM19V17wlKetuzkeoie0dr8tXQqZSheF64dvMu0pV+CVyCbpSgMHQlZL52GEwClHcQjbNYBSywGy+ZCrAYJTMduNaF7ICDEYhC8zmS6YCDEbJbDeudSErwGAUssBsvmQqwGCUzHbjWheyAgxGIQvM5kumAgxGyWw3rnUhK8BgFLLAbL5kKlBiwNi4+xCexT0HTExKptJc6xKlwKCeuR+gmcTGJ2cXRu1jk5JQvXw+Hw1pWJgciniCQn4xGBrKxsm0UKBEgPHL2i1KHhgKLdqasxZAgZIBxrp/CuASJ2UFtFeAwdBeQ7ZggAowGAbYqOyS9gowGNpryBYMUAEGwwAblV3SXgEGQ3sN2YIBKsBgGGCjskvaK8BgaK8hWzBABRgMA2xUdkl7BRgM7TVkCwaoAINhgI3KLmmvAIOhvYZswQAVYDAqNsOw1l7IuHMJGy/Gw6NqBdS0TMCpW4+LcXPXQu+PqqGMpTlMX1HLLEkC7l67gEN3EnXoh1BuVbi/ZDEZIceP4ESU8IM3OvZqiIo26onUf9dhddRMOVRoiO4tKsHNIhupEYHYciwESVoUxWCUbYJPOlSAE7Ihy6QzMszNkBl3Fwf2XEeYFsIWftYK6Na/CSrndMB0PHmUDreyzrDMeQk5E4+vH8T2gFTdVMfFB22a10Ntdyu1l/+zkfb0Ps5duorbsUIxpfDWu43RurKT8vgE4fcwXLlxGTcK6V7jUK0JejWpAOecU4KozEcB2HxUPBxGDoYtvGs2xHvveCHnWO7sDDz0P4I9t3TUmXTTJfOxkheMZAQdOYDbZTui51vOMFPlSHqI3dsv6xDySnh/QCNUUpycBshicWnHcVxKUa9iKbzXsz1qOb/qd92J8jIUKtvawWHEYFRA+171UdPJIs+nT9lIuHce688U0u1NZ30ifzCOPK5LB3NWp6MOVB33KS78dQJXCqtcWf72W3bvhwauAhi6Lj/XkVdDoT0cRgyGrSKe8HKFdxlP2uJf/SOoTDy6ugM7buqsNxWCofzB8C/dDh/Vcc0ZMbJpxDhAI8Y9ndUgT7lFBMaboVA5LMHDS7uwJ6hgAhgpGLao2qQJmldygWlcMK5KKqNNBRtI40Nx7OxjSGxMIUmKxJOEV4v5Tr23IfzL77p04xaEf4V75QUjA1ERyXAq5wobFeM0LXx04wx2BMTpsCpFD4bmUJDbmQkIPH0IJ8MLJoERgkFxRZMW6PaWizI4TENoSBJ8Ktkg9PIpHAnRPLbIDw79QCE0cl4w8mn4bBkSw65j+8n7Wq3QvGi5aMFQQeEofYYHCbao5Gnz6l0AMpNw74Y/9v9HZ7sV8DIyMPJCQScmJT7E6UOXceuF4FFzFdXh0B8U+YGhCL4vZtdEu5a14G2bM2zg2Z3jtBT9THOnXpvSG136NUVVW1UiRblHXgjJqqHnR/XgbSncsWNwzu8kHbis/ZULRQyunDyJS9HuaNCxKVqUyQcOLaAQampEYOgeClVTq6ZUhT99Uu9crwq+KY13Uwx9zxsOquQZkTi16QwCtO+bcgt12vdEm3JCr1dcsoSHOHb8Mu7Ip562eLttO7zno+is0qdB2LH/JqK1LdutNvp1rgkPOoZaAYXKYD5waAmFEYFReFBo297i878GDORZUqWJ1O2D/+Ko/AGcDq7StPLVgVa+cp4bCDbpOZA0E5kmZrAyVz52pA4aVMDp6Strp3zeZB9zCxsO3MozNVSDQwdQGAkYhgiF0HQFACObwDhKYOhwBdqhQj10fqcKvGihIr8rKy0ed2/dwCER8/v84aCR6N3WaFXZHtmRt7Dx0O1cOOwqoUvXBqhqlSI6pshbpsFPpco26oAPaqkCbe1jCh3cb3Vk4tVgOLzVCgObeOacUpudGoGj/1xAAVcsNagnLXn7lEMVz1Jwc7Oj8mRIiU/A02cRuBsci3gNLBQsST5wFAIURjBi0Lz0k5rwVMah0sRwnD12kQ6LL1hzFM/UecFIw/1L/rhr6oNG9b3hqprm0JLt44Dz2H6j4Csz+ftNr3zU94F7bojxenkkz3Hn+gPtY4ycUtTgiI5AhH05VNbhSKEqxsBHDHe07NYS9d3NIU2IwLnjhgLFm18ilM/5M1IQee8mjlyO0OFybX4vCb6Gjaxn8N98WierUrmlCHC0wruVHGGRmYj7AVdFLcm+jmgDB6N43uu5VsVfAQaj+LcR17AIFGAwikB0LrL4K8BgFP824hoWgQIMRhGIzkUWfwUYjOLfRlzDIlCAwSgC0bnI4q8Ag1H824hrWAQKMBhFIDoXWfwVYDCKfxtxDYtAAQajCETnIou/AgxG8W8jrmERKMBgFIHoXGTxV4DBKP5txDUsAgUYjCIQnYss/gowGMW/jbiGRaAAg1EEonORxV+BEgFGcEQUqpf3LP5qcg0NRoFnz3M3GjOJjU/OLgzPYpOStOrYDEZhtArbfJ0CDAb3D1YgHwUYDO4WrACDwX2AFdBMAR4xNNOJUxmZAgyGkTU4u6uZAgyGZjpxKiNTgMEwsgZndzVTgMHQTCdOZWQKMBhG1uDsrmYKMBia6cSpjEwBBsPIGpzd1UwBBkMznTiVkSnAYBhZg7O7minAYGimE6cyMgUMFIxUXFjYF8N/uopYt1ZYuHcrfCsZT8umXliIvsN/wtVYN7RauBdbjcl5HTWzYYJxaAicu13EsEOH8GnybaR16YJGmp4ZpyNhi87MIQxx7oaLww7h0KfJuJ3WBV2Mx3mdyW6QYARMrox6F75E3Okv4KIzqUqIoYDJqFzvAr6MO40vjM553bWRgYFxG983b4uFAc8Ql2kHD2drdF4ejfV9AEnwGowYNAc7b0Yg070ehizahVb7G2Jp9RM4/+1bCkUlwVgzYhDm7LyJiEx31BuyCLta7UfDpdVx4vy3EFLFHJmMfiNW40oEHf3qVB2txy3Aym+6oJxyRIo5MhtDxi/FqeBkmFdvh+mrZyNjYjcET1TUQ17GoN6YcjgUMenWqFC7F6asW44RtWzpR0X9gyfehO+tIRi/9BSCk81Rvd0crN81VjnqSRC8ZhB6TzmM0Jh0WFeojV5T1mH5iFp4+H1ztF0YgGdxmbDzcIZ15+WIVjhfxH7prsPqy5KBgRGPq9u2Y+/qbzHryQdYNbYpKr43HO3s/fB+tSG42GQG/lk8GJVxD9unfYnvTwTC6fMbuDe/rtDl4fd+NQy52AQz/lmMwZWBe9un4cvvTyDQ6XPcuDcfdcMX4J1Ki1Bh/Sms+NAHeHod/3wxAid9z+HvPvaQ+E9GnaZLYPHxWqye2QKeUefw84Rp8At4gJZ/ZGOfL3BoiDP6BI7B7kNT0M4uBbeOLMCIxbZYdXIGgReAyZXrYUVCHbT9djHm9qFK3FiKjwctBqaG4doUb8EAnPsEYszuQ5jSzg4pt45gwYjFsF11EmPTtmH73tX4dtYTfLBqLJpWfA/D29kXA7/01Z11V46BgaEQRj6VujUL2UJPpOv8F2XQ4t+PFZ07R7sYLGpWGstaKcE4/wXKtPgXH9+4BzknyitmUTOUXtZKkXffINh/mIY1CTvQ76WYJR5/tHXHV3brEEHl5sxiJEcwrFxHxCwSwAjHDw18sKHbbQTNqZlPKyrAOD06GhcmeOT8vqWXOQZI18n9Cf+hAXw2dMPtoDnIzwI5T1OpW5iVvQ9y74uFX7rrsPqyZBRg+L1vgmnVruDhokYv6Cr8fcbbSjD83ofJtGq48nARXkgl/H3G2wowJP6Y1rAF5oWUQsO2vdFj1GCMbP8O3IVZkPJuf2NqBg4NU6dG0dlvzVKMGDF+vfDWkL1Iq9QCfXv54pPhH6JlVWcocryYVlXZF0CP8UOvt4Zgb1oltOjbC76fDMeHLavCWVVkXjCKhV/66s66K8cIwJBgTScrzKunmjLliqcOhmRNJ1jNq5dnVKG06mDIs6biwfE98Nu+Drt3nMDVuGqYeu4q5jYKxIQKjREyVwFA7vVyZ5c8okta6wAABSpJREFUv46Dazdj+66d2HbuPmy6r8Ptnb7w0AQMwbDkOa4fXIvN23dh57ZzuG/THetu74SvMMjkAaN4+KW7DqsvS0YABrBvkD2635+N6AsTqPOprjzACNOk7vcxO/oC1GYxeGXHUkLy7+AK6J70KzJ3NpNPkxbXO4xHazooRwAhkf8rgFHUQ/JoPlqXX4t2t+5g7lsajBh5e4bkEea3Lo+17W7hzlxaHsg7YhQLv/TVnXVXjlGAgYBpqNHwNzhN34ND37SCM+iO+1s/dPj6CJwmqkaSAEyr0RC/OU3HnkPfoJUz8Pz6b+jX4WsccZooH0lq+k/DoHUtsHiRahUqhkajShjrthnJG99H/JZeqDjIH93Wn8aqQRVhm/oAu7/8AP3+/A8d1gkjCQX4Q0Yj5qv1mCBfhSIw/CegZuOTGB52DVO83wxGjN8QjI75Cusn1ILcAk3vJtRsjJPDlcF5XjBoFCp6v3TXYfVlyTjAIDVjdg5BS18/3E2VAWauaD5xE/rc6ohlqhhDUDxmJ4a09IXf3VTIYAbX5hOxqc8tdFymjDFijmByv8FYcjYR9q72QPIzJJf2xeaL69BLPhRJ4P9DR3SfeQpREvpPy4ro+/t8lJ/XDyHyGEOx1Np9zE6EmbvC2Todz59ZoNGcgzgxpRGNMm8GQ1h2HtR9DHaGmcOVlqPTnz+DRaM5OHhiimI59yUwioNf+urOuivHIMHQTB7FCtHWD5V32ldkkq8Cbf0QYdemgBZLFVfqU4Q9TQVs3eGjiLxfc+3DIPsBwOZk0KCivCR4/jgSCZnmcPIqmxs4a1ZxeSrJ88eITMiEuZMXyuZE3pobKK5+ae5B4aY0DjBi6C77+XNM2TgBihlMKv5b1A0tv07A5GCawtDjAuE5xppBn+P5lI0505zU/xahW8uvkTA5mJ4hyBO99hKeY/Rf1Qa//qqcatH8/98x7dF9S0PsitmI94vktRRD9etNraHd78YBhvxpc3eM2Xmfnla7wjw5BumlWmP8hn8wv4MqHM+d5tyHE1zNk+nJdCm0Hr8B/8zvoBa0v0Zw1VTrVBysPeyR+YyejlfqhV/3bsSw6kVChTC25EzfDMsv7Tr+m3IbBxg5KqTiadhTSN4w/Uh9GoanEid4lVU9X3iTjHl+p+XUx5EJsHT3UT7jKGD+QkpuqH4VhlxGBkZhSMg2DVEBBsMQW5V90loBBkNrCdmAISrAYBhiq7JPWivAYGgtIRswRAUYDENsVfZJawUYDK0lZAOGqACDYYityj5prQCDobWEbMAQFWAwDLFV2SetFWAwtJaQDRiiAgyGIbYq+6S1AgyG1hKyAUNUgMEwxFZln7RWgMHQWkI2YIgKMBiG2Krsk9YKMBhaS8gGDFEBBsMQW5V90loBBkNrCdmAISrAYBhiq7JPWivAYGgtIRswRAUYDENsVfZJawUYDK0lZAOGqACDYYityj5prQCDobWEbMAQFWAwDLFV2SetFWAwtJaQDRiiAgyGIbYq+6S1AgyG1hKyAUNUgMEwxFZln7RWgMHQWkI2YIgKMBiG2Krsk9YKMBhaS8gGDFEBBsMQW5V90loBBkNrCdmAISrAYBhiq7JPWivAYGgtIRswRAUYDENsVfZJawUYDK0lZAOGqACDYYityj5prQCDobWEbMAQFWAwDLFV2SetFWAwtJaQDRiiAgyGIbYq+6S1AgyG1hKyAUNUgMEwxFZln7RWgMHQWkI2YIgKMBiG2Krsk9YKMBhaS8gGDFEBdTD+DwNPiYMLM4C2AAAAAElFTkSuQmCC\" data-filename=\"clipboard.png\"><br></p>', '2023-11-21 11:43:05', 1),
(20, 39, 1, '<p>ghdghdghjdhgd<br></p>', '2023-11-21 13:09:29', 1),
(21, 39, 2, '<p>zadfdfadfaf<br></p>', '2023-11-21 13:10:28', 1),
(22, 40, 1, '<p>asdfsafsdgf<br></p>', '2023-11-21 13:12:59', 1),
(23, 40, 2, '<p>caxcaxcxczc<br></p>', '2023-11-21 13:13:49', 1);

-- --------------------------------------------------------

--
-- Estructura de tabla para la tabla `tm_usuario`
--

CREATE TABLE `tm_usuario` (
  `usuario_id` int(11) NOT NULL,
  `usuario_nombre` varchar(150) NOT NULL,
  `usuario_apellido` varchar(150) NOT NULL,
  `usuario_correo` varchar(150) NOT NULL,
  `usuario_pass` varchar(150) NOT NULL,
  `rol_id` int(11) DEFAULT NULL,
  `fecha_alta` datetime NOT NULL,
  `fecha_modif` datetime NOT NULL,
  `fecha_baja` datetime NOT NULL,
  `est` int(11) NOT NULL
) ENGINE=InnoDB DEFAULT CHARSET=utf8 COLLATE=utf8_spanish_ci COMMENT='Tabla de usuario';

--
-- Volcado de datos para la tabla `tm_usuario`
--

INSERT INTO `tm_usuario` (`usuario_id`, `usuario_nombre`, `usuario_apellido`, `usuario_correo`, `usuario_pass`, `rol_id`, `fecha_alta`, `fecha_modif`, `fecha_baja`, `est`) VALUES
(1, 'Jose', 'Perez', 'jose.perez@gmail.com', '12345', 1, '2023-08-30 04:37:41', '2023-08-30 04:37:41', '2023-08-30 04:37:41', 1),
(2, 'Pablo', 'Diaz', 'pablodiaz@gmail.com', '1234', 2, '2023-11-07 04:57:16', '2023-11-08 04:57:16', '2023-11-15 08:57:16', 1),
(3, 'Rocio', 'A', 'rocioA@gmail.com', '12345', 1, '2023-11-15 08:59:56', '2023-11-15 08:59:56', '2023-11-15 08:59:56', 1);

--
-- Índices para tablas volcadas
--

--
-- Indices de la tabla `categoria`
--
ALTER TABLE `categoria`
  ADD PRIMARY KEY (`cat_id`);

--
-- Indices de la tabla `ticket`
--
ALTER TABLE `ticket`
  ADD PRIMARY KEY (`ticket_id`);

--
-- Indices de la tabla `ticket_detalle`
--
ALTER TABLE `ticket_detalle`
  ADD PRIMARY KEY (`ticketD_id`);

--
-- Indices de la tabla `tm_usuario`
--
ALTER TABLE `tm_usuario`
  ADD PRIMARY KEY (`usuario_id`);

--
-- AUTO_INCREMENT de las tablas volcadas
--

--
-- AUTO_INCREMENT de la tabla `categoria`
--
ALTER TABLE `categoria`
  MODIFY `cat_id` int(11) NOT NULL AUTO_INCREMENT, AUTO_INCREMENT=9;

--
-- AUTO_INCREMENT de la tabla `ticket`
--
ALTER TABLE `ticket`
  MODIFY `ticket_id` int(11) NOT NULL AUTO_INCREMENT, AUTO_INCREMENT=41;

--
-- AUTO_INCREMENT de la tabla `ticket_detalle`
--
ALTER TABLE `ticket_detalle`
  MODIFY `ticketD_id` int(11) NOT NULL AUTO_INCREMENT, AUTO_INCREMENT=24;

--
-- AUTO_INCREMENT de la tabla `tm_usuario`
--
ALTER TABLE `tm_usuario`
  MODIFY `usuario_id` int(11) NOT NULL AUTO_INCREMENT, AUTO_INCREMENT=4;
COMMIT;

/*!40101 SET CHARACTER_SET_CLIENT=@OLD_CHARACTER_SET_CLIENT */;
/*!40101 SET CHARACTER_SET_RESULTS=@OLD_CHARACTER_SET_RESULTS */;
/*!40101 SET COLLATION_CONNECTION=@OLD_COLLATION_CONNECTION */;
